"";"X.1";"X";"Number";"Group";"Class";"Order";"Family";"Genus";"Species";"Mass";"Lat_deg";"Lon_deg";"Elevation";"Date_original";"Date_start";"Date_end";"Jan";"Feb";"Mar";"Apr";"May";"Jun";"Jul";"Aug";"Sep";"Oct";"Nov";"Dec";"Year1";"Year2";"Year3";"Year4";"FMR_Watt";"FMR_kJday";"TAREFmean";"TALOCmean";"SOLRAD";"RHREFmean";"RHLOCmean";"FMR_M";"Tanomalies";"TMEAN";"Reference"
"1";1;1;7772;"Mammal";"Mammalia";"Carnivora";"Otariidae";"Arctocephalus";"Arctocephalus_gazella";23825;-54;-38,0333333333333;NA;"March-April 1992";"1992-03-01";"1992-04-30";0;0;1;1;0;0;0;0;0;0;0;0;1992;NA;NA;NA;190,6;16467,84;4,831924567;5,091136162;78,42975905;76,35446562;75,69521206;0,846624107475893;NA;NA;"Arnould, J. P., Green, J. A., & Rawlins, D. R. (2001). Fasting metabolism in Antarctic fur seal (Arctocephalus gazella) pups. Comparative Biochemistry and Physiology Part A: Molecular & Integrative Physiology, 129(4), 829-841"
"2";2;2;7776;"Mammal";"Mammalia";"Carnivora";"Otariidae";"Arctocephalus";"Arctocephalus_gazella";28250;-54;-38,0333333333333;NA;"March-April 1992";"1992-03-01";"1992-04-30";0;0;1;1;0;0;0;0;0;0;0;0;1992;NA;NA;NA;144,9225;12521,304;4,831924567;5,091136162;78,42975905;76,35446562;75,69521206;0,450349027813602;NA;NA;"Arnould, J. P., Green, J. A., & Rawlins, D. R. (2001). Fasting metabolism in Antarctic fur seal (Arctocephalus gazella) pups. Comparative Biochemistry and Physiology Part A: Molecular & Integrative Physiology, 129(4), 829-841"
"3";3;3;7785;"Mammal";"Mammalia";"Carnivora";"Otariidae";"Arctocephalus";"Arctocephalus_gazella";32250;-54;-38,0333333333333;NA;"March-April 1992";"1992-03-01";"1992-04-30";0;0;1;1;0;0;0;0;0;0;0;0;1992;NA;NA;NA;249,9375;21594,6;4,831924567;5,091136162;78,42975905;76,35446562;75,69521206;0,900295370947135;NA;NA;"Arnould, J. P., Green, J. A., & Rawlins, D. R. (2001). Fasting metabolism in Antarctic fur seal (Arctocephalus gazella) pups. Comparative Biochemistry and Physiology Part A: Molecular & Integrative Physiology, 129(4), 829-841"
"4";4;4;7787;"Mammal";"Mammalia";"Carnivora";"Otariidae";"Arctocephalus";"Arctocephalus_gazella";32750;-54;-38,0333333333333;NA;"March-April 1992";"1992-03-01";"1992-04-30";0;0;1;1;0;0;0;0;0;0;0;0;1992;NA;NA;NA;201,74;17430,336;4,831924567;5,091136162;78,42975905;76,35446562;75,69521206;0,675019644389493;NA;NA;"Arnould, J. P., Green, J. A., & Rawlins, D. R. (2001). Fasting metabolism in Antarctic fur seal (Arctocephalus gazella) pups. Comparative Biochemistry and Physiology Part A: Molecular & Integrative Physiology, 129(4), 829-841"
"5";5;5;7792;"Mammal";"Mammalia";"Carnivora";"Otariidae";"Arctocephalus";"Arctocephalus_gazella";37250;-54;-38,0333333333333;NA;"March-April 1992";"1992-03-01";"1992-04-30";0;0;1;1;0;0;0;0;0;0;0;0;1992;NA;NA;NA;206,365;17829,936;4,831924567;5,091136162;78,42975905;76,35446562;75,69521206;0,60525957837355;NA;NA;"Arnould, J. P., Green, J. A., & Rawlins, D. R. (2001). Fasting metabolism in Antarctic fur seal (Arctocephalus gazella) pups. Comparative Biochemistry and Physiology Part A: Molecular & Integrative Physiology, 129(4), 829-841"
"6";6;6;7793;"Mammal";"Mammalia";"Carnivora";"Otariidae";"Arctocephalus";"Arctocephalus_gazella";37250;-54;-38,0333333333333;NA;"March-April 1992";"1992-03-01";"1992-04-30";0;0;1;1;0;0;0;0;0;0;0;0;1992;NA;NA;NA;219,4025;18956,376;4,831924567;5,091136162;78,42975905;76,35446562;75,69521206;0,666521075277853;NA;NA;"Arnould, J. P., Green, J. A., & Rawlins, D. R. (2001). Fasting metabolism in Antarctic fur seal (Arctocephalus gazella) pups. Comparative Biochemistry and Physiology Part A: Molecular & Integrative Physiology, 129(4), 829-841"
"7";7;7;7794;"Mammal";"Mammalia";"Carnivora";"Otariidae";"Arctocephalus";"Arctocephalus_gazella";38500;-54;-38,0333333333333;NA;"March-April 1992";"1992-03-01";"1992-04-30";0;0;1;1;0;0;0;0;0;0;0;0;1992;NA;NA;NA;265,65;22952,16;4,831924567;5,091136162;78,42975905;76,35446562;75,69521206;0,834098109639805;NA;NA;"Arnould, J. P., Green, J. A., & Rawlins, D. R. (2001). Fasting metabolism in Antarctic fur seal (Arctocephalus gazella) pups. Comparative Biochemistry and Physiology Part A: Molecular & Integrative Physiology, 129(4), 829-841"
"8";8;8;7795;"Mammal";"Mammalia";"Carnivora";"Otariidae";"Arctocephalus";"Arctocephalus_gazella";39000;-54;-38,0333333333333;NA;"March-April 1992";"1992-03-01";"1992-04-30";0;0;1;1;0;0;0;0;0;0;0;0;1992;NA;NA;NA;187,2;16174,08;4,831924567;5,091136162;78,42975905;76,35446562;75,69521206;0,474832879198458;NA;NA;"Arnould, J. P., Green, J. A., & Rawlins, D. R. (2001). Fasting metabolism in Antarctic fur seal (Arctocephalus gazella) pups. Comparative Biochemistry and Physiology Part A: Molecular & Integrative Physiology, 129(4), 829-841"
"9";9;9;7801;"Mammal";"Mammalia";"Carnivora";"Otariidae";"Arctocephalus";"Arctocephalus_gazella";40500;-54;-38,0333333333333;NA;"March-April 1992";"1992-03-01";"1992-04-30";0;0;1;1;0;0;0;0;0;0;0;0;1992;NA;NA;NA;306,18;26453,952;4,831924567;5,091136162;78,42975905;76,35446562;75,69521206;0,939735320240529;NA;NA;"Arnould, J. P., Green, J. A., & Rawlins, D. R. (2001). Fasting metabolism in Antarctic fur seal (Arctocephalus gazella) pups. Comparative Biochemistry and Physiology Part A: Molecular & Integrative Physiology, 129(4), 829-841"
"10";10;10;7804;"Mammal";"Mammalia";"Carnivora";"Otariidae";"Arctocephalus";"Arctocephalus_gazella";45500;-54;-38,0333333333333;NA;"March-April 1992";"1992-03-01";"1992-04-30";0;0;1;1;0;0;0;0;0;0;0;0;1992;NA;NA;NA;232,05;20049,12;4,831924567;5,091136162;78,42975905;76,35446562;75,69521206;0,578945949340651;NA;NA;"Arnould, J. P., Green, J. A., & Rawlins, D. R. (2001). Fasting metabolism in Antarctic fur seal (Arctocephalus gazella) pups. Comparative Biochemistry and Physiology Part A: Molecular & Integrative Physiology, 129(4), 829-841"
"11";11;11;8076;"Mammal";"Mammalia";"Carnivora";"Odobenidae";"Odobenus";"Odobenus_rosmarus";1250000;76,88;-19,6316666666667;NA;"August 2001";"2001-08-01";"2001-08-31";0;0;0;0;0;0;0;1;0;0;0;0;2001;NA;NA;NA;4831,01851851852;417400;-0,861238904;0,812769196;202,5383291;80,3768088;72,19975001;1,23632371588981;-2,761238904;1,9;"Acquarone, M., Born, E., & Speakman, J. (2006). Field Metabolic Rates of Walrus ( Odobenus rosmarus ) Measured by the Doubly Labeled Water Method. Aquatic Mammals, 32, 363-369. https://doi.org/10.1578/AM.32.3.2006.363"
"12";12;12;8077;"Mammal";"Mammalia";"Carnivora";"Odobenidae";"Odobenus";"Odobenus_rosmarus";1370000;76,88;-19,6316666666667;NA;"August 2001";"2001-08-01";"2001-08-31";0;0;0;0;0;0;0;1;0;0;0;0;2001;NA;NA;NA;3993,05555555556;345000;-0,861238904;0,812769196;202,5383291;80,3768088;72,19975001;0,980016774990516;-2,761238904;1,9;"Acquarone, M., Born, E., & Speakman, J. (2006). Field Metabolic Rates of Walrus ( Odobenus rosmarus ) Measured by the Doubly Labeled Water Method. Aquatic Mammals, 32, 363-369. https://doi.org/10.1578/AM.32.3.2006.363"
"13";13;13;7984;"Mammal";"Mammalia";"Chiroptera";"Phyllostomidae";"Macrotus";"Macrotus_californicus";11,3;NA;NA;NA;"November 1983 -March 1984";NA;NA;1;1;1;0;0;0;0;0;0;0;1;1;1983;1984;NA;NA;0,288796611111111;24,9520272;NA;NA;NA;NA;NA;-0,15112906248659;NA;NA;"Bell, G., Bartholomew, G., & Nagy, K. (1986). The Roles of energetics, water economy, foraging behavior, and geothermal refugia in the distribution of the bat, Macrotus californicus. Journal of Comparative Physiology B, 156, 441-450. https://doi.org/10.1007/BF01101107"
"14";14;14;7985;"Mammal";"Mammalia";"Chiroptera";"Phyllostomidae";"Macrotus";"Macrotus_californicus";11,7;NA;NA;NA;"November 1983 -March 1984";NA;NA;1;1;1;0;0;0;0;0;0;0;1;1;1983;1984;NA;NA;0,28147925;24,3198072;NA;NA;NA;NA;NA;-0,201765381654043;NA;NA;"Bell, G., Bartholomew, G., & Nagy, K. (1986). The Roles of energetics, water economy, foraging behavior, and geothermal refugia in the distribution of the bat, Macrotus californicus. Journal of Comparative Physiology B, 156, 441-450. https://doi.org/10.1007/BF01101107"
"15";15;15;7986;"Mammal";"Mammalia";"Chiroptera";"Phyllostomidae";"Macrotus";"Macrotus_californicus";12,5;NA;NA;NA;"November 1983 -March 1984";NA;NA;1;1;1;0;0;0;0;0;0;0;1;1;1983;1984;NA;NA;0,230229166666667;19,8918;NA;NA;NA;NA;NA;-0,450229598323773;NA;NA;"Bell, G., Bartholomew, G., & Nagy, K. (1986). The Roles of energetics, water economy, foraging behavior, and geothermal refugia in the distribution of the bat, Macrotus californicus. Journal of Comparative Physiology B, 156, 441-450. https://doi.org/10.1007/BF01101107"
"16";16;16;7987;"Mammal";"Mammalia";"Chiroptera";"Phyllostomidae";"Macrotus";"Macrotus_californicus";12,5;NA;NA;NA;"November 1983 -March 1984";NA;NA;1;1;1;0;0;0;0;0;0;0;1;1;1983;1984;NA;NA;0,280201388888889;24,2094;NA;NA;NA;NA;NA;-0,253796197337137;NA;NA;"Bell, G., Bartholomew, G., & Nagy, K. (1986). The Roles of energetics, water economy, foraging behavior, and geothermal refugia in the distribution of the bat, Macrotus californicus. Journal of Comparative Physiology B, 156, 441-450. https://doi.org/10.1007/BF01101107"
"17";17;17;7988;"Mammal";"Mammalia";"Chiroptera";"Phyllostomidae";"Macrotus";"Macrotus_californicus";12,5;NA;NA;NA;"November 1983 -March 1984";NA;NA;1;1;1;0;0;0;0;0;0;0;1;1;1983;1984;NA;NA;0,3051875;26,3682;NA;NA;NA;NA;NA;-0,168378446182785;NA;NA;"Bell, G., Bartholomew, G., & Nagy, K. (1986). The Roles of energetics, water economy, foraging behavior, and geothermal refugia in the distribution of the bat, Macrotus californicus. Journal of Comparative Physiology B, 156, 441-450. https://doi.org/10.1007/BF01101107"
"18";18;18;7989;"Mammal";"Mammalia";"Chiroptera";"Phyllostomidae";"Macrotus";"Macrotus_californicus";12,6;NA;NA;NA;"November 1983 -March 1984";NA;NA;1;1;1;0;0;0;0;0;0;0;1;1;1983;1984;NA;NA;0,2725485;23,5481904;NA;NA;NA;NA;NA;-0,287208425703456;NA;NA;"Bell, G., Bartholomew, G., & Nagy, K. (1986). The Roles of energetics, water economy, foraging behavior, and geothermal refugia in the distribution of the bat, Macrotus californicus. Journal of Comparative Physiology B, 156, 441-450. https://doi.org/10.1007/BF01101107"
"19";19;19;7990;"Mammal";"Mammalia";"Chiroptera";"Phyllostomidae";"Macrotus";"Macrotus_californicus";12,8;NA;NA;NA;"November 1983 -March 1984";NA;NA;1;1;1;0;0;0;0;0;0;0;1;1;1983;1984;NA;NA;0,227530666666667;19,6586496;NA;NA;NA;NA;NA;-0,479045463597681;NA;NA;"Bell, G., Bartholomew, G., & Nagy, K. (1986). The Roles of energetics, water economy, foraging behavior, and geothermal refugia in the distribution of the bat, Macrotus californicus. Journal of Comparative Physiology B, 156, 441-450. https://doi.org/10.1007/BF01101107"
"20";20;20;7991;"Mammal";"Mammalia";"Chiroptera";"Phyllostomidae";"Macrotus";"Macrotus_californicus";12,9;NA;NA;NA;"November 1983 -March 1984";NA;NA;1;1;1;0;0;0;0;0;0;0;1;1;1983;1984;NA;NA;0,239438333333333;20,687472;NA;NA;NA;NA;NA;-0,433621258920766;NA;NA;"Bell, G., Bartholomew, G., & Nagy, K. (1986). The Roles of energetics, water economy, foraging behavior, and geothermal refugia in the distribution of the bat, Macrotus californicus. Journal of Comparative Physiology B, 156, 441-450. https://doi.org/10.1007/BF01101107"
"21";21;21;7992;"Mammal";"Mammalia";"Chiroptera";"Phyllostomidae";"Macrotus";"Macrotus_californicus";13,2;NA;NA;NA;"November 1983 -March 1984";NA;NA;1;1;1;0;0;0;0;0;0;0;1;1;1983;1984;NA;NA;0,142292333333333;12,2940576;NA;NA;NA;NA;NA;-0,970537330992416;NA;NA;"Bell, G., Bartholomew, G., & Nagy, K. (1986). The Roles of energetics, water economy, foraging behavior, and geothermal refugia in the distribution of the bat, Macrotus californicus. Journal of Comparative Physiology B, 156, 441-450. https://doi.org/10.1007/BF01101107"
"22";22;22;7993;"Mammal";"Mammalia";"Chiroptera";"Phyllostomidae";"Macrotus";"Macrotus_californicus";13,3;NA;NA;NA;"November 1983 -March 1984";NA;NA;1;1;1;0;0;0;0;0;0;0;1;1;1983;1984;NA;NA;0,223125972222222;19,278084;NA;NA;NA;NA;NA;-0,526102462519516;NA;NA;"Bell, G., Bartholomew, G., & Nagy, K. (1986). The Roles of energetics, water economy, foraging behavior, and geothermal refugia in the distribution of the bat, Macrotus californicus. Journal of Comparative Physiology B, 156, 441-450. https://doi.org/10.1007/BF01101107"
"23";23;23;7994;"Mammal";"Mammalia";"Chiroptera";"Phyllostomidae";"Macrotus";"Macrotus_californicus";13,3;NA;NA;NA;"November 1983 -March 1984";NA;NA;1;1;1;0;0;0;0;0;0;0;1;1;1983;1984;NA;NA;0,225024916666667;19,4421528;NA;NA;NA;NA;NA;-0,517627835528543;NA;NA;"Bell, G., Bartholomew, G., & Nagy, K. (1986). The Roles of energetics, water economy, foraging behavior, and geothermal refugia in the distribution of the bat, Macrotus californicus. Journal of Comparative Physiology B, 156, 441-450. https://doi.org/10.1007/BF01101107"
"24";24;24;7995;"Mammal";"Mammalia";"Chiroptera";"Phyllostomidae";"Macrotus";"Macrotus_californicus";13,3;NA;NA;NA;"November 1983 -March 1984";NA;NA;1;1;1;0;0;0;0;0;0;0;1;1;1983;1984;NA;NA;0,304780583333333;26,3330424;NA;NA;NA;NA;NA;-0,214246853533659;NA;NA;"Bell, G., Bartholomew, G., & Nagy, K. (1986). The Roles of energetics, water economy, foraging behavior, and geothermal refugia in the distribution of the bat, Macrotus californicus. Journal of Comparative Physiology B, 156, 441-450. https://doi.org/10.1007/BF01101107"
"25";25;25;7996;"Mammal";"Mammalia";"Chiroptera";"Phyllostomidae";"Macrotus";"Macrotus_californicus";13,4;NA;NA;NA;"November 1983 -March 1984";NA;NA;1;1;1;0;0;0;0;0;0;0;1;1;1983;1984;NA;NA;0,198975111111111;17,1914496;NA;NA;NA;NA;NA;-0,646036654965735;NA;NA;"Bell, G., Bartholomew, G., & Nagy, K. (1986). The Roles of energetics, water economy, foraging behavior, and geothermal refugia in the distribution of the bat, Macrotus californicus. Journal of Comparative Physiology B, 156, 441-450. https://doi.org/10.1007/BF01101107"
"26";26;26;7997;"Mammal";"Mammalia";"Chiroptera";"Phyllostomidae";"Macrotus";"Macrotus_californicus";13,7;NA;NA;NA;"November 1983 -March 1984";NA;NA;1;1;1;0;0;0;0;0;0;0;1;1;1983;1984;NA;NA;0,338397611111111;29,2375536;NA;NA;NA;NA;NA;-0,130889582949399;NA;NA;"Bell, G., Bartholomew, G., & Nagy, K. (1986). The Roles of energetics, water economy, foraging behavior, and geothermal refugia in the distribution of the bat, Macrotus californicus. Journal of Comparative Physiology B, 156, 441-450. https://doi.org/10.1007/BF01101107"
"27";27;27;7998;"Mammal";"Mammalia";"Chiroptera";"Phyllostomidae";"Macrotus";"Macrotus_californicus";14;NA;NA;NA;"November 1983 -March 1984";NA;NA;1;1;1;0;0;0;0;0;0;0;1;1;1983;1984;NA;NA;0,232870555555556;20,120016;NA;NA;NA;NA;NA;-0,520178839057329;NA;NA;"Bell, G., Bartholomew, G., & Nagy, K. (1986). The Roles of energetics, water economy, foraging behavior, and geothermal refugia in the distribution of the bat, Macrotus californicus. Journal of Comparative Physiology B, 156, 441-450. https://doi.org/10.1007/BF01101107"
"28";28;28;7999;"Mammal";"Mammalia";"Chiroptera";"Phyllostomidae";"Macrotus";"Macrotus_californicus";14,3;NA;NA;NA;"November 1983 -March 1984";NA;NA;1;1;1;0;0;0;0;0;0;0;1;1;1983;1984;NA;NA;0,306258333333333;26,46072;NA;NA;NA;NA;NA;-0,261453325618961;NA;NA;"Bell, G., Bartholomew, G., & Nagy, K. (1986). The Roles of energetics, water economy, foraging behavior, and geothermal refugia in the distribution of the bat, Macrotus californicus. Journal of Comparative Physiology B, 156, 441-450. https://doi.org/10.1007/BF01101107"
"29";29;29;8060;"Mammal";"Mammalia";"Rodentia";"Cricetidae";"Microtus";"Microtus_pennsylvanicus";30,4;45,37;-71,92;NA;"August 1993";"1993-08-01";"1993-08-31";0;0;0;0;0;0;0;1;0;0;0;0;1993;NA;NA;NA;0,908564814814815;78,5;19,70077695;20,86293759;259,6121332;78,5290705;74,33224238;0,284568337723048;1,80077695;17,9;"Berteaux, D., Masseboeuf, F., Bonzom, J.-M., Bergeron, J.-M., Thomas, D., & Lapierre, H. (1996). Effect of Carrying a Radiocollar on Expenditure of Energy by Meadow Voles. Journal of Mammalogy, 77, 359-363. https://doi.org/10.2307/1382808"
"30";30;30;8061;"Mammal";"Mammalia";"Rodentia";"Cricetidae";"Microtus";"Microtus_pennsylvanicus";32,8;45,37;-71,92;NA;"August 1993";"1993-08-01";"1993-08-31";0;0;0;0;0;0;0;1;0;0;0;0;1993;NA;NA;NA;1,15856481481481;100,1;19,70077695;20,86293759;259,6121332;78,5290705;74,33224238;0,47309036944772;1,80077695;17,9;"Berteaux, D., Masseboeuf, F., Bonzom, J.-M., Bergeron, J.-M., Thomas, D., & Lapierre, H. (1996). Effect of Carrying a Radiocollar on Expenditure of Energy by Meadow Voles. Journal of Mammalogy, 77, 359-363. https://doi.org/10.2307/1382808"
"31";31;31;8062;"Mammal";"Mammalia";"Rodentia";"Cricetidae";"Microtus";"Microtus_pennsylvanicus";34,5;45,37;-71,92;NA;"August 1993";"1993-08-01";"1993-08-31";0;0;0;0;0;0;0;1;0;0;0;0;1993;NA;NA;NA;1,28703703703704;111,2;19,70077695;20,86293759;259,6121332;78,5290705;74,33224238;0,541975830537687;1,80077695;17,9;"Berteaux, D., Masseboeuf, F., Bonzom, J.-M., Bergeron, J.-M., Thomas, D., & Lapierre, H. (1996). Effect of Carrying a Radiocollar on Expenditure of Energy by Meadow Voles. Journal of Mammalogy, 77, 359-363. https://doi.org/10.2307/1382808"
"32";32;32;8063;"Mammal";"Mammalia";"Rodentia";"Cricetidae";"Microtus";"Microtus_pennsylvanicus";34,9;45,37;-71,92;NA;"August 1993";"1993-08-01";"1993-08-31";0;0;0;0;0;0;0;1;0;0;0;0;1993;NA;NA;NA;0,740740740740741;64;19,70077695;20,86293759;259,6121332;78,5290705;74,33224238;-0,0187468738226511;1,80077695;17,9;"Berteaux, D., Masseboeuf, F., Bonzom, J.-M., Bergeron, J.-M., Thomas, D., & Lapierre, H. (1996). Effect of Carrying a Radiocollar on Expenditure of Energy by Meadow Voles. Journal of Mammalogy, 77, 359-363. https://doi.org/10.2307/1382808"
"33";33;33;8064;"Mammal";"Mammalia";"Rodentia";"Cricetidae";"Microtus";"Microtus_pennsylvanicus";34,9;45,37;-71,92;NA;"August 1993";"1993-08-01";"1993-08-31";0;0;0;0;0;0;0;1;0;0;0;0;1993;NA;NA;NA;1,27546296296296;110,2;19,70077695;20,86293759;259,6121332;78,5290705;74,33224238;0,524666939536491;1,80077695;17,9;"Berteaux, D., Masseboeuf, F., Bonzom, J.-M., Bergeron, J.-M., Thomas, D., & Lapierre, H. (1996). Effect of Carrying a Radiocollar on Expenditure of Energy by Meadow Voles. Journal of Mammalogy, 77, 359-363. https://doi.org/10.2307/1382808"
"34";34;34;8065;"Mammal";"Mammalia";"Rodentia";"Cricetidae";"Microtus";"Microtus_pennsylvanicus";35,4;45,37;-71,92;NA;"August 1993";"1993-08-01";"1993-08-31";0;0;0;0;0;0;0;1;0;0;0;0;1993;NA;NA;NA;1,13657407407407;98,2;19,70077695;20,86293759;259,6121332;78,5290705;74,33224238;0,399164371721835;1,80077695;17,9;"Berteaux, D., Masseboeuf, F., Bonzom, J.-M., Bergeron, J.-M., Thomas, D., & Lapierre, H. (1996). Effect of Carrying a Radiocollar on Expenditure of Energy by Meadow Voles. Journal of Mammalogy, 77, 359-363. https://doi.org/10.2307/1382808"
"35";35;35;8066;"Mammal";"Mammalia";"Rodentia";"Cricetidae";"Microtus";"Microtus_pennsylvanicus";35,6;45,37;-71,92;NA;"August 1993";"1993-08-01";"1993-08-31";0;0;0;0;0;0;0;1;0;0;0;0;1993;NA;NA;NA;0,972222222222222;84;19,70077695;20,86293759;259,6121332;78,5290705;74,33224238;0,238930530351893;1,80077695;17,9;"Berteaux, D., Masseboeuf, F., Bonzom, J.-M., Bergeron, J.-M., Thomas, D., & Lapierre, H. (1996). Effect of Carrying a Radiocollar on Expenditure of Energy by Meadow Voles. Journal of Mammalogy, 77, 359-363. https://doi.org/10.2307/1382808"
"36";36;36;8067;"Mammal";"Mammalia";"Rodentia";"Cricetidae";"Microtus";"Microtus_pennsylvanicus";36,6;45,37;-71,92;NA;"August 1993";"1993-08-01";"1993-08-31";0;0;0;0;0;0;0;1;0;0;0;0;1993;NA;NA;NA;1,30787037037037;113;19,70077695;20,86293759;259,6121332;78,5290705;74,33224238;0,515614308595103;1,80077695;17,9;"Berteaux, D., Masseboeuf, F., Bonzom, J.-M., Bergeron, J.-M., Thomas, D., & Lapierre, H. (1996). Effect of Carrying a Radiocollar on Expenditure of Energy by Meadow Voles. Journal of Mammalogy, 77, 359-363. https://doi.org/10.2307/1382808"
"37";37;37;8068;"Mammal";"Mammalia";"Rodentia";"Cricetidae";"Microtus";"Microtus_pennsylvanicus";36,8;45,37;-71,92;NA;"August 1993";"1993-08-01";"1993-08-31";0;0;0;0;0;0;0;1;0;0;0;0;1993;NA;NA;NA;1,31828703703704;113,9;19,70077695;20,86293759;259,6121332;78,5290705;74,33224238;0,519635178923169;1,80077695;17,9;"Berteaux, D., Masseboeuf, F., Bonzom, J.-M., Bergeron, J.-M., Thomas, D., & Lapierre, H. (1996). Effect of Carrying a Radiocollar on Expenditure of Energy by Meadow Voles. Journal of Mammalogy, 77, 359-363. https://doi.org/10.2307/1382808"
"38";38;38;8069;"Mammal";"Mammalia";"Rodentia";"Cricetidae";"Microtus";"Microtus_pennsylvanicus";39,3;45,37;-71,92;NA;"August 1993";"1993-08-01";"1993-08-31";0;0;0;0;0;0;0;1;0;0;0;0;1993;NA;NA;NA;1,33796296296296;115,6;19,70077695;20,86293759;259,6121332;78,5290705;74,33224238;0,487266169321898;1,80077695;17,9;"Berteaux, D., Masseboeuf, F., Bonzom, J.-M., Bergeron, J.-M., Thomas, D., & Lapierre, H. (1996). Effect of Carrying a Radiocollar on Expenditure of Energy by Meadow Voles. Journal of Mammalogy, 77, 359-363. https://doi.org/10.2307/1382808"
"39";39;39;8070;"Mammal";"Mammalia";"Rodentia";"Cricetidae";"Microtus";"Microtus_pennsylvanicus";40,8;45,37;-71,92;NA;"August 1993";"1993-08-01";"1993-08-31";0;0;0;0;0;0;0;1;0;0;0;0;1993;NA;NA;NA;1,33796296296296;115,6;19,70077695;20,86293759;259,6121332;78,5290705;74,33224238;0,460376002756534;1,80077695;17,9;"Berteaux, D., Masseboeuf, F., Bonzom, J.-M., Bergeron, J.-M., Thomas, D., & Lapierre, H. (1996). Effect of Carrying a Radiocollar on Expenditure of Energy by Meadow Voles. Journal of Mammalogy, 77, 359-363. https://doi.org/10.2307/1382808"
"40";40;40;8071;"Mammal";"Mammalia";"Dasyuromorphia";"Myrmecobiidae";"Myrmecobius";"Myrmecobius_fasciatus";408;-31,7666666666667;117,016666666667;NA;"September 2002";"2002-09-01";"2002-09-30";0;0;0;0;0;0;0;0;1;0;0;0;2002;NA;NA;NA;2,30092592592593;198,8;13,12762536;14,45624783;229,3207544;69,75655974;67,36159222;-0,650448533839847;0,0276253599999983;13,1;"Cooper, C. E., Withers, P. C., & Bradshaw, S. D. (2003). Field metabolic rate and water turnover of the numbat (Myrmecobius fasciatus). Journal of Comparative Physiology B, 173(8), 687-693. https://doi.org/10.1007/s00360-003-0380-6"
"41";41;41;8072;"Mammal";"Mammalia";"Dasyuromorphia";"Myrmecobiidae";"Myrmecobius";"Myrmecobius_fasciatus";428;-31,7666666666667;117,016666666667;NA;"September 2002";"2002-09-01";"2002-09-30";0;0;0;0;0;0;0;0;1;0;0;0;2002;NA;NA;NA;3,03472222222222;262,2;13,12762536;14,45624783;229,3207544;69,75655974;67,36159222;-0,407995305313984;0,0276253599999983;13,1;"Cooper, C. E., Withers, P. C., & Bradshaw, S. D. (2003). Field metabolic rate and water turnover of the numbat (Myrmecobius fasciatus). Journal of Comparative Physiology B, 173(8), 687-693. https://doi.org/10.1007/s00360-003-0380-6"
"42";42;42;8073;"Mammal";"Mammalia";"Dasyuromorphia";"Myrmecobiidae";"Myrmecobius";"Myrmecobius_fasciatus";520;-31,7666666666667;117,016666666667;NA;"September 2002";"2002-09-01";"2002-09-30";0;0;0;0;0;0;0;0;1;0;0;0;2002;NA;NA;NA;4,19560185185185;362,5;13,12762536;14,45624783;229,3207544;69,75655974;67,36159222;-0,223854353878095;0,0276253599999983;13,1;"Cooper, C. E., Withers, P. C., & Bradshaw, S. D. (2003). Field metabolic rate and water turnover of the numbat (Myrmecobius fasciatus). Journal of Comparative Physiology B, 173(8), 687-693. https://doi.org/10.1007/s00360-003-0380-6"
"43";43;43;8074;"Mammal";"Mammalia";"Dasyuromorphia";"Myrmecobiidae";"Myrmecobius";"Myrmecobius_fasciatus";522;-31,7666666666667;117,016666666667;NA;"September 2002";"2002-09-01";"2002-09-30";0;0;0;0;0;0;0;0;1;0;0;0;2002;NA;NA;NA;2,45023148148148;211,7;13,12762536;14,45624783;229,3207544;69,75655974;67,36159222;-0,764464444251415;0,0276253599999983;13,1;"Cooper, C. E., Withers, P. C., & Bradshaw, S. D. (2003). Field metabolic rate and water turnover of the numbat (Myrmecobius fasciatus). Journal of Comparative Physiology B, 173(8), 687-693. https://doi.org/10.1007/s00360-003-0380-6"
"44";44;44;8075;"Mammal";"Mammalia";"Dasyuromorphia";"Myrmecobiidae";"Myrmecobius";"Myrmecobius_fasciatus";547;-31,7666666666667;117,016666666667;NA;"September 2002";"2002-09-01";"2002-09-30";0;0;0;0;0;0;0;0;1;0;0;0;2002;NA;NA;NA;3,58217592592593;309,5;13,12762536;14,45624783;229,3207544;69,75655974;67,36159222;-0,418259992884001;0,0276253599999983;13,1;"Cooper, C. E., Withers, P. C., & Bradshaw, S. D. (2003). Field metabolic rate and water turnover of the numbat (Myrmecobius fasciatus). Journal of Comparative Physiology B, 173(8), 687-693. https://doi.org/10.1007/s00360-003-0380-6"
"45";45;45;8171;"Mammal";"Mammalia";"Carnivora";"Otariidae";"Phocarctos";"Phocarctos_hookeri";84400;-50,5;166,283333333333;1;"January - February 1997";"1997-01-01";"1997-02-28";1;1;0;0;0;0;0;0;0;0;0;0;1997;NA;NA;NA;599,24;51774,336;10,74993898;11,76915028;222,3001554;85,41802897;80,75460888;1,08410729733117;0,14993898;10,6;"Costa, D. P., & Gales, N. J. (2000). Foraging Energetics and Diving Behavior of Lactating New Zealand Sea Lions, Phocarctos Hookeri. Journal of Experimental Biology, 203(23), 3655-3665. https://doi.org/10.1242/jeb.203.23.3655"
"46";46;46;8172;"Mammal";"Mammalia";"Carnivora";"Otariidae";"Phocarctos";"Phocarctos_hookeri";93600;-50,5;166,283333333333;1;"January - February 1997";"1997-01-01";"1997-02-28";1;1;0;0;0;0;0;0;0;0;0;0;1997;NA;NA;NA;613,08;52970,112;10,74993898;11,76915028;222,3001554;85,41802897;80,75460888;1,03266617595716;0,14993898;10,6;"Costa, D. P., & Gales, N. J. (2000). Foraging Energetics and Diving Behavior of Lactating New Zealand Sea Lions, Phocarctos Hookeri. Journal of Experimental Biology, 203(23), 3655-3665. https://doi.org/10.1242/jeb.203.23.3655"
"47";47;47;8173;"Mammal";"Mammalia";"Carnivora";"Otariidae";"Phocarctos";"Phocarctos_hookeri";105500;-50,5;166,283333333333;1;"January - February 1997";"1997-01-01";"1997-02-28";1;1;0;0;0;0;0;0;0;0;0;0;1997;NA;NA;NA;544,38;47034,432;10,74993898;11,76915028;222,3001554;85,41802897;80,75460888;0,827901567663818;0,14993898;10,6;"Costa, D. P., & Gales, N. J. (2000). Foraging Energetics and Diving Behavior of Lactating New Zealand Sea Lions, Phocarctos Hookeri. Journal of Experimental Biology, 203(23), 3655-3665. https://doi.org/10.1242/jeb.203.23.3655"
"48";48;48;8174;"Mammal";"Mammalia";"Carnivora";"Otariidae";"Phocarctos";"Phocarctos_hookeri";106700;-50,5;166,283333333333;1;"January - February 1997";"1997-01-01";"1997-02-28";1;1;0;0;0;0;0;0;0;0;0;0;1997;NA;NA;NA;587,917;50796,0288;10,74993898;11,76915028;222,3001554;85,41802897;80,75460888;0,896720406752206;0,14993898;10,6;"Costa, D. P., & Gales, N. J. (2000). Foraging Energetics and Diving Behavior of Lactating New Zealand Sea Lions, Phocarctos Hookeri. Journal of Experimental Biology, 203(23), 3655-3665. https://doi.org/10.1242/jeb.203.23.3655"
"49";49;49;8175;"Mammal";"Mammalia";"Carnivora";"Otariidae";"Phocarctos";"Phocarctos_hookeri";109300;-50,5;166,283333333333;1;"January - February 1997";"1997-01-01";"1997-02-28";1;1;0;0;0;0;0;0;0;0;0;0;1997;NA;NA;NA;628,475;54300,24;10,74993898;11,76915028;222,3001554;85,41802897;80,75460888;0,946147659657481;0,14993898;10,6;"Costa, D. P., & Gales, N. J. (2000). Foraging Energetics and Diving Behavior of Lactating New Zealand Sea Lions, Phocarctos Hookeri. Journal of Experimental Biology, 203(23), 3655-3665. https://doi.org/10.1242/jeb.203.23.3655"
"50";50;50;8176;"Mammal";"Mammalia";"Carnivora";"Otariidae";"Phocarctos";"Phocarctos_hookeri";109400;-50,5;166,283333333333;1;"January - February 1997";"1997-01-01";"1997-02-28";1;1;0;0;0;0;0;0;0;0;0;0;1997;NA;NA;NA;NA;47544364,8;10,74993898;11,76915028;222,3001554;85,41802897;80,75460888;NA;0,14993898;10,6;"Costa, D. P., & Gales, N. J. (2000). Foraging Energetics and Diving Behavior of Lactating New Zealand Sea Lions, Phocarctos Hookeri. Journal of Experimental Biology, 203(23), 3655-3665. https://doi.org/10.1242/jeb.203.23.3655"
"51";51;51;8177;"Mammal";"Mammalia";"Carnivora";"Otariidae";"Phocarctos";"Phocarctos_hookeri";109400;-50,5;166,283333333333;1;"January - February 1997";"1997-01-01";"1997-02-28";1;1;0;0;0;0;0;0;0;0;0;0;1997;NA;NA;NA;597,324;51608,7936;10,74993898;11,76915028;222,3001554;85,41802897;80,75460888;0,894654588667293;0,14993898;10,6;"Costa, D. P., & Gales, N. J. (2000). Foraging Energetics and Diving Behavior of Lactating New Zealand Sea Lions, Phocarctos Hookeri. Journal of Experimental Biology, 203(23), 3655-3665. https://doi.org/10.1242/jeb.203.23.3655"
"52";52;52;8178;"Mammal";"Mammalia";"Carnivora";"Otariidae";"Phocarctos";"Phocarctos_hookeri";118900;-50,5;166,283333333333;1;"January - February 1997";"1997-01-01";"1997-02-28";1;1;0;0;0;0;0;0;0;0;0;0;1997;NA;NA;NA;650,383;56193,0912;10,74993898;11,76915028;222,3001554;85,41802897;80,75460888;0,919976795140375;0,14993898;10,6;"Costa, D. P., & Gales, N. J. (2000). Foraging Energetics and Diving Behavior of Lactating New Zealand Sea Lions, Phocarctos Hookeri. Journal of Experimental Biology, 203(23), 3655-3665. https://doi.org/10.1242/jeb.203.23.3655"
"53";53;53;8179;"Mammal";"Mammalia";"Carnivora";"Otariidae";"Phocarctos";"Phocarctos_hookeri";119800;-50,5;166,283333333333;1;"January - February 1997";"1997-01-01";"1997-02-28";1;1;0;0;0;0;0;0;0;0;0;0;1997;NA;NA;NA;660,098;57032,4672;10,74993898;11,76915028;222,3001554;85,41802897;80,75460888;0,929390209008831;0,14993898;10,6;"Costa, D. P., & Gales, N. J. (2000). Foraging Energetics and Diving Behavior of Lactating New Zealand Sea Lions, Phocarctos Hookeri. Journal of Experimental Biology, 203(23), 3655-3665. https://doi.org/10.1242/jeb.203.23.3655"
"54";54;54;8180;"Mammal";"Mammalia";"Carnivora";"Otariidae";"Phocarctos";"Phocarctos_hookeri";123850;-50,5;166,283333333333;1;"January - February 1997";"1997-01-01";"1997-02-28";1;1;0;0;0;0;0;0;0;0;0;0;1997;NA;NA;NA;625,4425;54038,232;10,74993898;11,76915028;222,3001554;85,41802897;80,75460888;0,851593488654831;0,14993898;10,6;"Costa, D. P., & Gales, N. J. (2000). Foraging Energetics and Diving Behavior of Lactating New Zealand Sea Lions, Phocarctos Hookeri. Journal of Experimental Biology, 203(23), 3655-3665. https://doi.org/10.1242/jeb.203.23.3655"
"55";55;55;8181;"Mammal";"Mammalia";"Carnivora";"Otariidae";"Phocarctos";"Phocarctos_hookeri";131300;-50,5;166,283333333333;1;"January - February 1997";"1997-01-01";"1997-02-28";1;1;0;0;0;0;0;0;0;0;0;0;1997;NA;NA;NA;582,972;50368,7808;10,74993898;11,76915028;222,3001554;85,41802897;80,75460888;0,739339068619308;0,14993898;10,6;"Costa, D. P., & Gales, N. J. (2000). Foraging Energetics and Diving Behavior of Lactating New Zealand Sea Lions, Phocarctos Hookeri. Journal of Experimental Biology, 203(23), 3655-3665. https://doi.org/10.1242/jeb.203.23.3655"
"56";56;56;8182;"Mammal";"Mammalia";"Carnivora";"Otariidae";"Phocarctos";"Phocarctos_hookeri";154800;-50,5;166,283333333333;1;"January - February 1997";"1997-01-01";"1997-02-28";1;1;0;0;0;0;0;0;0;0;0;0;1997;NA;NA;NA;719,82;62192,448;10,74993898;11,76915028;222,3001554;85,41802897;80,75460888;0,832002160048875;0,14993898;10,6;"Costa, D. P., & Gales, N. J. (2000). Foraging Energetics and Diving Behavior of Lactating New Zealand Sea Lions, Phocarctos Hookeri. Journal of Experimental Biology, 203(23), 3655-3665. https://doi.org/10.1242/jeb.203.23.3655"
"57";57;57;7782;"Mammal";"Mammalia";"Carnivora";"Otariidae";"Arctocephalus";"Arctocephalus_gazella";30475;-54;-38,0333333333333;NA;"October 1984 - March 1985";"1984-10-01";"1985-03-31";1;1;1;0;0;0;0;0;0;1;1;1;1984;1985;NA;NA;152,9845;13217,8608;4,79032973253476;7,27143440988041;180,147394074974;77,5070859651819;67,4857350837937;0,450061461032925;NA;NA;"Costa, D. P., & Trillmich, F. (1988). Mass Changes and Metabolism during the Perinatal Fast: A Comparison between Antarctic (Arctocephalus gazella) and Galápagos Fur Seals (Arctocephalus galapagoensis). Physiological Zoology. https://doi.org/10.1086/physzool.61.2.30156147"
"58";58;58;7796;"Mammal";"Mammalia";"Carnivora";"Otariidae";"Arctocephalus";"Arctocephalus_gazella";39275;-54;-38,0333333333333;NA;"October 1984 - March 1985";"1984-10-01";"1985-03-31";1;1;1;0;0;0;0;0;0;1;1;1;1984;1985;NA;NA;186,55625;16118,46;4,79032973253476;7,27143440988041;180,147394074974;77,5070859651819;67,4857350837937;0,466343881553818;NA;NA;"Costa, D. P., & Trillmich, F. (1988). Mass Changes and Metabolism during the Perinatal Fast: A Comparison between Antarctic (Arctocephalus gazella) and Galápagos Fur Seals (Arctocephalus galapagoensis). Physiological Zoology. https://doi.org/10.1086/physzool.61.2.30156147"
"59";59;59;7802;"Mammal";"Mammalia";"Carnivora";"Otariidae";"Arctocephalus";"Arctocephalus_gazella";41125;-54;-38,0333333333333;NA;"October 1984 - March 1985";"1984-10-01";"1985-03-31";1;1;1;0;0;0;0;0;0;1;1;1;1984;1985;NA;NA;164,91125;14248,332;4,79032973253476;7,27143440988041;180,147394074974;77,5070859651819;67,4857350837937;0,309975769545633;NA;NA;"Costa, D. P., & Trillmich, F. (1988). Mass Changes and Metabolism during the Perinatal Fast: A Comparison between Antarctic (Arctocephalus gazella) and Galápagos Fur Seals (Arctocephalus galapagoensis). Physiological Zoology. https://doi.org/10.1086/physzool.61.2.30156147"
"60";60;60;7803;"Mammal";"Mammalia";"Carnivora";"Otariidae";"Arctocephalus";"Arctocephalus_gazella";41440;-54;-38,0333333333333;NA;"October 1984 - March 1985";"1984-10-01";"1985-03-31";1;1;1;0;0;0;0;0;0;1;1;1;1984;1985;NA;NA;184,408;15932,8512;4,79032973253476;7,27143440988041;180,147394074974;77,5070859651819;67,4857350837937;0,416241282909716;NA;NA;"Costa, D. P., & Trillmich, F. (1988). Mass Changes and Metabolism during the Perinatal Fast: A Comparison between Antarctic (Arctocephalus gazella) and Galápagos Fur Seals (Arctocephalus galapagoensis). Physiological Zoology. https://doi.org/10.1086/physzool.61.2.30156147"
"61";61;61;7769;"Mammal";"Mammalia";"Carnivora";"Otariidae";"Arctocephalus";"Arctocephalus_galapagoensis";31925;-0,466666666666667;-91,6166666666667;NA;"September- October 1984";"1983-09-01";"1984-10-31";0;0;0;0;0;0;0;0;1;1;0;0;1984;NA;NA;NA;79,49325;6868,2168;21,24144255;24,07747204;231,9953904;86,52836946;75,25617919;-0,237972218653903;0,941442550000001;20,3;"Costa, D. P., & Trillmich, F. (1988). Mass Changes and Metabolism during the Perinatal Fast: A Comparison between Antarctic (Arctocephalus gazella) and Galápagos Fur Seals (Arctocephalus galapagoensis). Physiological Zoology. https://doi.org/10.1086/physzool.61.2.30156147"
"62";62;62;7770;"Mammal";"Mammalia";"Carnivora";"Otariidae";"Arctocephalus";"Arctocephalus_galapagoensis";35850;-0,466666666666667;-91,6166666666667;NA;"September- October 1984";"1983-09-01";"1984-10-31";0;0;0;0;0;0;0;0;1;1;0;0;1984;NA;NA;NA;39,0765;3376,2096;21,24144255;24,07747204;231,9953904;86,52836946;75,25617919;-1,0313646511225;0,941442550000001;20,3;"Costa, D. P., & Trillmich, F. (1988). Mass Changes and Metabolism during the Perinatal Fast: A Comparison between Antarctic (Arctocephalus gazella) and Galápagos Fur Seals (Arctocephalus galapagoensis). Physiological Zoology. https://doi.org/10.1086/physzool.61.2.30156147"
"63";63;63;7771;"Mammal";"Mammalia";"Carnivora";"Otariidae";"Arctocephalus";"Arctocephalus_galapagoensis";39500;-0,466666666666667;-91,6166666666667;NA;"September- October 1984";"1983-09-01";"1984-10-31";0;0;0;0;0;0;0;0;1;1;0;0;1984;NA;NA;NA;34,76;3003,264;21,24144255;24,07747204;231,9953904;86,52836946;75,25617919;-1,21802252101983;0,941442550000001;20,3;"Costa, D. P., & Trillmich, F. (1988). Mass Changes and Metabolism during the Perinatal Fast: A Comparison between Antarctic (Arctocephalus gazella) and Galápagos Fur Seals (Arctocephalus galapagoensis). Physiological Zoology. https://doi.org/10.1086/physzool.61.2.30156147"
"64";64;64;7773;"Mammal";"Mammalia";"Carnivora";"Otariidae";"Arctocephalus";"Arctocephalus_gazella";24225;-54;-38,0333333333333;NA;"Austral Summer 1984";"1983-11-01";"1984-02-28";1;1;0;0;0;0;0;0;0;0;1;1;1984;NA;NA;NA;242,97675;20993,1912;4,980756872;8,249588207;210,1136999;77,84365112;65,0698318;1,07746032497396;NA;NA;"Costa, D. P., Croxall, J. P., & Duck, C. D. (1989). Foraging Energetics of Antartic Fur Seals in Relation to Changes in Prey Availability. Ecology, 70(3), 596-606. https://doi.org/10.2307/1940211"
"65";65;65;7774;"Mammal";"Mammalia";"Carnivora";"Otariidae";"Arctocephalus";"Arctocephalus_gazella";26275;-54;-38,0333333333333;NA;"Austral Summer 1984";"1983-11-01";"1984-02-28";1;1;0;0;0;0;0;0;0;0;1;1;1984;NA;NA;NA;205,8655;17786,7792;4,980756872;8,249588207;210,1136999;77,84365112;65,0698318;0,853401949793396;NA;NA;"Costa, D. P., Croxall, J. P., & Duck, C. D. (1989). Foraging Energetics of Antartic Fur Seals in Relation to Changes in Prey Availability. Ecology, 70(3), 596-606. https://doi.org/10.2307/1940211"
"66";66;66;7775;"Mammal";"Mammalia";"Carnivora";"Otariidae";"Arctocephalus";"Arctocephalus_gazella";27550;-54;-38,0333333333333;NA;"Austral Summer 1984";"1983-11-01";"1984-02-28";1;1;0;0;0;0;0;0;0;0;1;1;1984;NA;NA;NA;232,2465;20066,0976;4,980756872;8,249588207;210,1136999;77,84365112;65,0698318;0,939961577865787;NA;NA;"Costa, D. P., Croxall, J. P., & Duck, C. D. (1989). Foraging Energetics of Antartic Fur Seals in Relation to Changes in Prey Availability. Ecology, 70(3), 596-606. https://doi.org/10.2307/1940211"
"67";67;67;7778;"Mammal";"Mammalia";"Carnivora";"Otariidae";"Arctocephalus";"Arctocephalus_gazella";29425;-54;-38,0333333333333;NA;"Austral Summer 1984";"1983-11-01";"1984-02-28";1;1;0;0;0;0;0;0;0;0;1;0;1984;NA;NA;NA;304,2545;26287,5888;4,980756872;8,249588207;210,1136999;77,84365112;65,0698318;1,16275982185886;NA;NA;"Costa, D. P., Croxall, J. P., & Duck, C. D. (1989). Foraging Energetics of Antartic Fur Seals in Relation to Changes in Prey Availability. Ecology, 70(3), 596-606. https://doi.org/10.2307/1940211"
"68";68;68;7779;"Mammal";"Mammalia";"Carnivora";"Otariidae";"Arctocephalus";"Arctocephalus_gazella";29475;-54;-38,0333333333333;NA;"Austral Summer 1984";"1983-11-01";"1984-02-28";1;1;0;0;0;0;0;0;0;0;1;0;1984;NA;NA;NA;195,1245;16858,7568;4,980756872;8,249588207;210,1136999;77,84365112;65,0698318;0,717314298203186;NA;NA;"Costa, D. P., Croxall, J. P., & Duck, C. D. (1989). Foraging Energetics of Antartic Fur Seals in Relation to Changes in Prey Availability. Ecology, 70(3), 596-606. https://doi.org/10.2307/1940211"
"69";69;69;7781;"Mammal";"Mammalia";"Carnivora";"Otariidae";"Arctocephalus";"Arctocephalus_gazella";29837,5;-54;-38,0333333333333;NA;"Austral Summer 1984";"1983-11-01";"1984-02-28";1;1;0;0;0;0;0;0;0;0;1;0;1984;NA;NA;NA;304,8395;26338,1328;4,980756872;8,249588207;210,1136999;77,84365112;65,0698318;1,15468680882851;NA;NA;"Costa, D. P., Croxall, J. P., & Duck, C. D. (1989). Foraging Energetics of Antartic Fur Seals in Relation to Changes in Prey Availability. Ecology, 70(3), 596-606. https://doi.org/10.2307/1940211"
"70";70;70;7789;"Mammal";"Mammalia";"Carnivora";"Otariidae";"Arctocephalus";"Arctocephalus_gazella";33300;-54;-38,0333333333333;NA;"Austral Summer 1984";"1983-11-01";"1984-02-28";1;1;0;0;0;0;0;0;0;0;1;0;1984;NA;NA;NA;348,984;30152,2176;4,980756872;8,249588207;210,1136999;77,84365112;65,0698318;1,21111003641231;NA;NA;"Costa, D. P., Croxall, J. P., & Duck, C. D. (1989). Foraging Energetics of Antartic Fur Seals in Relation to Changes in Prey Availability. Ecology, 70(3), 596-606. https://doi.org/10.2307/1940211"
"71";71;71;7798;"Mammal";"Mammalia";"Carnivora";"Otariidae";"Arctocephalus";"Arctocephalus_gazella";40000;-54;-38,0333333333333;NA;"Austral Summer 1984";"1983-11-01";"1984-02-28";1;1;0;0;0;0;0;0;0;0;1;0;1984;NA;NA;NA;484,721;41879,8944;4,980756872;8,249588207;210,1136999;77,84365112;65,0698318;1,40805354590961;NA;NA;"Costa, D. P., Croxall, J. P., & Duck, C. D. (1989). Foraging Energetics of Antartic Fur Seals in Relation to Changes in Prey Availability. Ecology, 70(3), 596-606. https://doi.org/10.2307/1940211"
"72";72;72;7777;"Mammal";"Mammalia";"Carnivora";"Otariidae";"Arctocephalus";"Arctocephalus_gazella";29125;-54;-38,0333333333333;NA;"Austral Summer 1985";"1984-11-01";"1985-02-28";1;1;0;0;0;0;0;0;0;0;1;0;1985;NA;NA;NA;230,0875;19879,56;5,159791429;7,845052509;198,1273527;78,08699418;67,17594794;0,890711655483191;NA;NA;"Costa, D. P., Croxall, J. P., & Duck, C. D. (1989). Foraging Energetics of Antartic Fur Seals in Relation to Changes in Prey Availability. Ecology, 70(3), 596-606. https://doi.org/10.2307/1940211"
"73";73;73;7780;"Mammal";"Mammalia";"Carnivora";"Otariidae";"Arctocephalus";"Arctocephalus_gazella";29600;-54;-38,0333333333333;NA;"Austral Summer 1985";"1984-11-01";"1985-02-28";1;1;0;0;0;0;0;0;0;0;1;0;1985;NA;NA;NA;268,472;23195,9808;5,159791429;7,845052509;198,1273527;78,08699418;67,17594794;1,0333850853498;NA;NA;"Costa, D. P., Croxall, J. P., & Duck, C. D. (1989). Foraging Energetics of Antartic Fur Seals in Relation to Changes in Prey Availability. Ecology, 70(3), 596-606. https://doi.org/10.2307/1940211"
"74";74;74;7783;"Mammal";"Mammalia";"Carnivora";"Otariidae";"Arctocephalus";"Arctocephalus_gazella";30600;-54;-38,0333333333333;NA;"Austral Summer 1985";"1984-11-01";"1985-02-28";1;1;0;0;0;0;0;0;0;0;1;0;1985;NA;NA;NA;266,526;23027,8464;5,159791429;7,845052509;198,1273527;78,08699418;67,17594794;1,00225811508822;NA;NA;"Costa, D. P., Croxall, J. P., & Duck, C. D. (1989). Foraging Energetics of Antartic Fur Seals in Relation to Changes in Prey Availability. Ecology, 70(3), 596-606. https://doi.org/10.2307/1940211"
"75";75;75;7784;"Mammal";"Mammalia";"Carnivora";"Otariidae";"Arctocephalus";"Arctocephalus_gazella";32100;-54;-38,0333333333333;NA;"Austral Summer 1985";"1984-11-01";"1985-02-28";1;1;0;0;0;0;0;0;0;0;1;0;1985;NA;NA;NA;263,862;22797,6768;5,159791429;7,845052509;198,1273527;78,08699418;67,17594794;0,957857505888266;NA;NA;"Costa, D. P., Croxall, J. P., & Duck, C. D. (1989). Foraging Energetics of Antartic Fur Seals in Relation to Changes in Prey Availability. Ecology, 70(3), 596-606. https://doi.org/10.2307/1940211"
"76";76;76;7786;"Mammal";"Mammalia";"Carnivora";"Otariidae";"Arctocephalus";"Arctocephalus_gazella";32300;-54;-38,0333333333333;NA;"Austral Summer 1985";"1984-11-01";"1985-02-28";1;1;0;0;0;0;0;0;0;0;1;0;1985;NA;NA;NA;320,416;27683,9424;5,159791429;7,845052509;198,1273527;78,08699418;67,17594794;1,14759250006974;NA;NA;"Costa, D. P., Croxall, J. P., & Duck, C. D. (1989). Foraging Energetics of Antartic Fur Seals in Relation to Changes in Prey Availability. Ecology, 70(3), 596-606. https://doi.org/10.2307/1940211"
"77";77;77;7788;"Mammal";"Mammalia";"Carnivora";"Otariidae";"Arctocephalus";"Arctocephalus_gazella";33175;-54;-38,0333333333333;NA;"Austral Summer 1985";"1984-11-01";"1985-02-28";1;1;0;0;0;0;0;0;0;0;1;0;1985;NA;NA;NA;216,63275;18717,0696;5,159791429;7,845052509;198,1273527;78,08699418;67,17594794;0,736987312391308;NA;NA;"Costa, D. P., Croxall, J. P., & Duck, C. D. (1989). Foraging Energetics of Antartic Fur Seals in Relation to Changes in Prey Availability. Ecology, 70(3), 596-606. https://doi.org/10.2307/1940211"
"78";78;78;7790;"Mammal";"Mammalia";"Carnivora";"Otariidae";"Arctocephalus";"Arctocephalus_gazella";35150;-54;-38,0333333333333;NA;"Austral Summer 1985";"1984-11-01";"1985-02-28";1;1;0;0;0;0;0;0;0;0;1;0;1985;NA;NA;NA;404,5765;34955,4096;5,159791429;7,845052509;198,1273527;78,08699418;67,17594794;1,32011083480235;NA;NA;"Costa, D. P., Croxall, J. P., & Duck, C. D. (1989). Foraging Energetics of Antartic Fur Seals in Relation to Changes in Prey Availability. Ecology, 70(3), 596-606. https://doi.org/10.2307/1940211"
"79";79;79;7791;"Mammal";"Mammalia";"Carnivora";"Otariidae";"Arctocephalus";"Arctocephalus_gazella";36325;-54;-38,0333333333333;NA;"Austral Summer 1985";"1984-11-01";"1985-02-28";1;1;0;0;0;0;0;0;0;0;1;0;1985;NA;NA;NA;406,47675;35119,5912;5,159791429;7,845052509;198,1273527;78,08699418;67,17594794;1,30119157340232;NA;NA;"Costa, D. P., Croxall, J. P., & Duck, C. D. (1989). Foraging Energetics of Antartic Fur Seals in Relation to Changes in Prey Availability. Ecology, 70(3), 596-606. https://doi.org/10.2307/1940211"
"80";80;80;7797;"Mammal";"Mammalia";"Carnivora";"Otariidae";"Arctocephalus";"Arctocephalus_gazella";39775;-54;-38,0333333333333;NA;"Austral Summer 1985";"1984-11-01";"1985-02-28";1;1;0;0;0;0;0;0;0;0;1;0;1985;NA;NA;NA;329,73475;28489,0824;5,159791429;7,845052509;198,1273527;78,08699418;67,17594794;1,0268181162689;NA;NA;"Costa, D. P., Croxall, J. P., & Duck, C. D. (1989). Foraging Energetics of Antartic Fur Seals in Relation to Changes in Prey Availability. Ecology, 70(3), 596-606. https://doi.org/10.2307/1940211"
"81";81;81;7799;"Mammal";"Mammalia";"Carnivora";"Otariidae";"Arctocephalus";"Arctocephalus_gazella";40275;-54;-38,0333333333333;NA;"Austral Summer 1985";"1984-11-01";"1985-02-28";1;1;0;0;0;0;0;0;0;0;1;0;1985;NA;NA;NA;220,707;19069,0848;5,159791429;7,845052509;198,1273527;78,08699418;67,17594794;0,616397547348418;NA;NA;"Costa, D. P., Croxall, J. P., & Duck, C. D. (1989). Foraging Energetics of Antartic Fur Seals in Relation to Changes in Prey Availability. Ecology, 70(3), 596-606. https://doi.org/10.2307/1940211"
"82";82;82;7800;"Mammal";"Mammalia";"Carnivora";"Otariidae";"Arctocephalus";"Arctocephalus_gazella";40400;-54;-38,0333333333333;NA;"Austral Summer 1985";"1984-11-01";"1985-02-28";1;1;0;0;0;0;0;0;0;0;1;0;1985;NA;NA;NA;329,26;28448,064;5,159791429;7,845052509;198,1273527;78,08699418;67,17594794;1,01418461198393;NA;NA;"Costa, D. P., Croxall, J. P., & Duck, C. D. (1989). Foraging Energetics of Antartic Fur Seals in Relation to Changes in Prey Availability. Ecology, 70(3), 596-606. https://doi.org/10.2307/1940211"
"83";83;83;7805;"Mammal";"Mammalia";"Carnivora";"Otariidae";"Arctocephalus";"Arctocephalus_gazella";45975;-54;-38,0333333333333;NA;"Austral Summer 1985";"1984-11-01";"1985-02-28";1;1;0;0;0;0;0;0;0;0;1;0;1985;NA;NA;NA;265,7355;22959,5472;5,159791429;7,845052509;198,1273527;78,08699418;67,17594794;0,707038997426703;NA;NA;"Costa, D. P., Croxall, J. P., & Duck, C. D. (1989). Foraging Energetics of Antartic Fur Seals in Relation to Changes in Prey Availability. Ecology, 70(3), 596-606. https://doi.org/10.2307/1940211"
"84";84;84;7764;"Mammal";"Mammalia";"Rodentia";"Aplodontiidae";"Aplodontia";"Aplodontia_rufa";549;38,05;-122,883333333333;67;"April-May 2004";"2004-04-01";"2004-05-31";0;0;0;1;1;0;0;0;0;0;0;0;2004;NA;NA;NA;10,9722222222222;948;13,6243714525511;15,7890417028423;298,434645700068;79,7445746075456;71,5614168153821;0,698516401518538;0,0743714525510999;13,55;"E.  Crocker, D., Kofahl, N., D.  Fellers, G., B.  Gates, N., & S.  Houser, D. (2007). High Rates of Energy Expenditure and Water Flux in Free‐Ranging Point Reyes Mountain Beavers Aplodontia rufa phaea. Physiological and Biochemical Zoology. https://doi.org/10.1086/521204"
"85";85;85;7765;"Mammal";"Mammalia";"Rodentia";"Aplodontiidae";"Aplodontia";"Aplodontia_rufa";622;38,05;-122,883333333333;67;"April-May 2004";"2004-04-01";"2004-05-31";0;0;0;1;1;0;0;0;0;0;0;0;2004;NA;NA;NA;14,0393518518519;1213;13,62437145;15,7890417;298,4346457;79,74457461;71,56141682;0,855392045106123;0,0743714499999992;13,55;"E.  Crocker, D., Kofahl, N., D.  Fellers, G., B.  Gates, N., & S.  Houser, D. (2007). High Rates of Energy Expenditure and Water Flux in Free‐Ranging Point Reyes Mountain Beavers Aplodontia rufa phaea. Physiological and Biochemical Zoology. https://doi.org/10.1086/521204"
"86";86;86;7766;"Mammal";"Mammalia";"Rodentia";"Aplodontiidae";"Aplodontia";"Aplodontia_rufa";770;38,05;-122,883333333333;67;"April-May 2004";"2004-04-01";"2004-05-31";0;0;0;1;1;0;0;0;0;0;0;0;2004;NA;NA;NA;17,7083333333333;1530;13,62437145;15,7890417;298,4346457;79,74457461;71,56141682;0,934330611762874;0,0743714499999992;13,55;"E.  Crocker, D., Kofahl, N., D.  Fellers, G., B.  Gates, N., & S.  Houser, D. (2007). High Rates of Energy Expenditure and Water Flux in Free‐Ranging Point Reyes Mountain Beavers Aplodontia rufa phaea. Physiological and Biochemical Zoology. https://doi.org/10.1086/521204"
"87";87;87;7767;"Mammal";"Mammalia";"Rodentia";"Aplodontiidae";"Aplodontia";"Aplodontia_rufa";787;38,05;-122,883333333333;67;"April-May 2004";"2004-04-01";"2004-05-31";0;0;0;1;1;0;0;0;0;0;0;0;2004;NA;NA;NA;17,3842592592593;1502;13,62437145;15,7890417;298,4346457;79,74457461;71,56141682;0,900183480818617;0,0743714499999992;13,55;"E.  Crocker, D., Kofahl, N., D.  Fellers, G., B.  Gates, N., & S.  Houser, D. (2007). High Rates of Energy Expenditure and Water Flux in Free‐Ranging Point Reyes Mountain Beavers Aplodontia rufa phaea. Physiological and Biochemical Zoology. https://doi.org/10.1086/521204"
"88";88;88;7768;"Mammal";"Mammalia";"Rodentia";"Aplodontiidae";"Aplodontia";"Aplodontia_rufa";910;38,05;-122,883333333333;67;"April-May 2004";"2004-04-01";"2004-05-31";0;0;0;1;1;0;0;0;0;0;0;0;2004;NA;NA;NA;25,9953703703704;2246;13,62437145;15,7890417;298,4346457;79,74457461;71,56141682;1,1982883595854;0,0743714499999992;13,55;"E.  Crocker, D., Kofahl, N., D.  Fellers, G., B.  Gates, N., & S.  Houser, D. (2007). High Rates of Energy Expenditure and Water Flux in Free‐Ranging Point Reyes Mountain Beavers Aplodontia rufa phaea. Physiological and Biochemical Zoology. https://doi.org/10.1086/521204"
"89";89;89;7941;"Mammal";"Mammalia";"Primates";"Lepilemuridae";"Lepilemur";"Lepilemur_ruficaudatus";470;-20,05;44,8166666666667;NA;"July-August 1996";"1996-07-01";"1996-08-31";0;0;0;0;0;0;1;1;0;0;0;0;1996;NA;NA;NA;2,79861111111111;241,8;19,53792987;21,87629312;205,8401377;76,52438348;70,96251704;-0,55619265450398;-1,86207013;21,4;"Drack, S., Ortmann, S., Bührmann, N., Schmid, J., Heldmaier, R. D., Heldmaier, G., & Ganzhorn, J. U. (1999). Field Metabolic Rate and the Cost of Ranging of the Red-Tailed Sportive Lemur (Lepilemur Ruficaudatus). En B. Rakotosamimanana, H. Rasamimanana, J. U. Ganzhorn, & S. M. Goodman (Eds.), New Directions in Lemur Studies (pp. 83-91). Springer US. https://doi.org/10.1007/978-1-4615-4705-1_5"
"90";90;90;7942;"Mammal";"Mammalia";"Primates";"Lepilemuridae";"Lepilemur";"Lepilemur_ruficaudatus";513;-20,05;44,8166666666667;NA;"July-August 1996";"1996-07-01";"1996-08-31";0;0;0;0;0;0;1;1;0;0;0;0;1996;NA;NA;NA;4,64467592592593;401,3;19,53792987;21,87629312;205,8401377;76,52438348;70,96251704;-0,112440099771421;-1,86207013;21,4;"Drack, S., Ortmann, S., Bührmann, N., Schmid, J., Heldmaier, R. D., Heldmaier, G., & Ganzhorn, J. U. (1999). Field Metabolic Rate and the Cost of Ranging of the Red-Tailed Sportive Lemur (Lepilemur Ruficaudatus). En B. Rakotosamimanana, H. Rasamimanana, J. U. Ganzhorn, & S. M. Goodman (Eds.), New Directions in Lemur Studies (pp. 83-91). Springer US. https://doi.org/10.1007/978-1-4615-4705-1_5"
"91";91;91;7943;"Mammal";"Mammalia";"Primates";"Lepilemuridae";"Lepilemur";"Lepilemur_ruficaudatus";659,5;-20,05;44,8166666666667;NA;"July-August 1996";"1996-07-01";"1996-08-31";0;0;0;0;0;0;1;1;0;0;0;0;1996;NA;NA;NA;2,53356481481481;218,9;19,53792987;21,87629312;205,8401377;76,52438348;70,96251704;-0,898871109339069;-1,86207013;21,4;"Drack, S., Ortmann, S., Bührmann, N., Schmid, J., Heldmaier, R. D., Heldmaier, G., & Ganzhorn, J. U. (1999). Field Metabolic Rate and the Cost of Ranging of the Red-Tailed Sportive Lemur (Lepilemur Ruficaudatus). En B. Rakotosamimanana, H. Rasamimanana, J. U. Ganzhorn, & S. M. Goodman (Eds.), New Directions in Lemur Studies (pp. 83-91). Springer US. https://doi.org/10.1007/978-1-4615-4705-1_5"
"92";92;92;7944;"Mammal";"Mammalia";"Primates";"Lepilemuridae";"Lepilemur";"Lepilemur_ruficaudatus";682;-20,05;44,8166666666667;NA;"July-August 1996";"1996-07-01";"1996-08-31";0;0;0;0;0;0;1;1;0;0;0;0;1996;NA;NA;NA;5,14699074074074;444,7;19,53792987;21,87629312;205,8401377;76,52438348;70,96251704;-0,21416954679061;-1,86207013;21,4;"Drack, S., Ortmann, S., Bührmann, N., Schmid, J., Heldmaier, R. D., Heldmaier, G., & Ganzhorn, J. U. (1999). Field Metabolic Rate and the Cost of Ranging of the Red-Tailed Sportive Lemur (Lepilemur Ruficaudatus). En B. Rakotosamimanana, H. Rasamimanana, J. U. Ganzhorn, & S. M. Goodman (Eds.), New Directions in Lemur Studies (pp. 83-91). Springer US. https://doi.org/10.1007/978-1-4615-4705-1_5"
"93";93;93;7945;"Mammal";"Mammalia";"Primates";"Lepilemuridae";"Lepilemur";"Lepilemur_ruficaudatus";733,5;-20,05;44,8166666666667;NA;"July-August 1996";"1996-07-01";"1996-08-31";0;0;0;0;0;0;1;1;0;0;0;0;1996;NA;NA;NA;3,13541666666667;270,9;19,53792987;21,87629312;205,8401377;76,52438348;70,96251704;-0,762080135905286;-1,86207013;21,4;"Drack, S., Ortmann, S., Bührmann, N., Schmid, J., Heldmaier, R. D., Heldmaier, G., & Ganzhorn, J. U. (1999). Field Metabolic Rate and the Cost of Ranging of the Red-Tailed Sportive Lemur (Lepilemur Ruficaudatus). En B. Rakotosamimanana, H. Rasamimanana, J. U. Ganzhorn, & S. M. Goodman (Eds.), New Directions in Lemur Studies (pp. 83-91). Springer US. https://doi.org/10.1007/978-1-4615-4705-1_5"
"94";94;94;7946;"Mammal";"Mammalia";"Primates";"Lepilemuridae";"Lepilemur";"Lepilemur_ruficaudatus";738,5;-20,05;44,8166666666667;NA;"July-August 1996";"1996-07-01";"1996-08-31";0;0;0;0;0;0;1;1;0;0;0;0;1996;NA;NA;NA;9,51388888888889;822;19,53792987;21,87629312;205,8401377;76,52438348;70,96251704;0,343033565266751;-1,86207013;21,4;"Drack, S., Ortmann, S., Bührmann, N., Schmid, J., Heldmaier, R. D., Heldmaier, G., & Ganzhorn, J. U. (1999). Field Metabolic Rate and the Cost of Ranging of the Red-Tailed Sportive Lemur (Lepilemur Ruficaudatus). En B. Rakotosamimanana, H. Rasamimanana, J. U. Ganzhorn, & S. M. Goodman (Eds.), New Directions in Lemur Studies (pp. 83-91). Springer US. https://doi.org/10.1007/978-1-4615-4705-1_5"
"95";95;95;7947;"Mammal";"Mammalia";"Primates";"Lepilemuridae";"Lepilemur";"Lepilemur_ruficaudatus";744,5;-20,05;44,8166666666667;NA;"July-August 1996";"1996-07-01";"1996-08-31";0;0;0;0;0;0;1;1;0;0;0;0;1996;NA;NA;NA;5,32060185185185;459,7;19,53792987;21,87629312;205,8401377;76,52438348;70,96251704;-0,243941660999763;-1,86207013;21,4;"Drack, S., Ortmann, S., Bührmann, N., Schmid, J., Heldmaier, R. D., Heldmaier, G., & Ganzhorn, J. U. (1999). Field Metabolic Rate and the Cost of Ranging of the Red-Tailed Sportive Lemur (Lepilemur Ruficaudatus). En B. Rakotosamimanana, H. Rasamimanana, J. U. Ganzhorn, & S. M. Goodman (Eds.), New Directions in Lemur Studies (pp. 83-91). Springer US. https://doi.org/10.1007/978-1-4615-4705-1_5"
"96";96;96;7948;"Mammal";"Mammalia";"Primates";"Lepilemuridae";"Lepilemur";"Lepilemur_ruficaudatus";760,5;-20,05;44,8166666666667;NA;"July-August 1996";"1996-07-01";"1996-08-31";0;0;0;0;0;0;1;1;0;0;0;0;1996;NA;NA;NA;4,90625;423,9;19,53792987;21,87629312;205,8401377;76,52438348;70,96251704;-0,340282728926229;-1,86207013;21,4;"Drack, S., Ortmann, S., Bührmann, N., Schmid, J., Heldmaier, R. D., Heldmaier, G., & Ganzhorn, J. U. (1999). Field Metabolic Rate and the Cost of Ranging of the Red-Tailed Sportive Lemur (Lepilemur Ruficaudatus). En B. Rakotosamimanana, H. Rasamimanana, J. U. Ganzhorn, & S. M. Goodman (Eds.), New Directions in Lemur Studies (pp. 83-91). Springer US. https://doi.org/10.1007/978-1-4615-4705-1_5"
"97";97;97;7949;"Mammal";"Mammalia";"Primates";"Lepilemuridae";"Lepilemur";"Lepilemur_ruficaudatus";831,5;-20,05;44,8166666666667;NA;"July-August 1996";"1996-07-01";"1996-08-31";0;0;0;0;0;0;1;1;0;0;0;0;1996;NA;NA;NA;9,86921296296296;852,7;19,53792987;21,87629312;205,8401377;76,52438348;70,96251704;0,294552651350983;-1,86207013;21,4;"Drack, S., Ortmann, S., Bührmann, N., Schmid, J., Heldmaier, R. D., Heldmaier, G., & Ganzhorn, J. U. (1999). Field Metabolic Rate and the Cost of Ranging of the Red-Tailed Sportive Lemur (Lepilemur Ruficaudatus). En B. Rakotosamimanana, H. Rasamimanana, J. U. Ganzhorn, & S. M. Goodman (Eds.), New Directions in Lemur Studies (pp. 83-91). Springer US. https://doi.org/10.1007/978-1-4615-4705-1_5"
"98";98;98;7950;"Mammal";"Mammalia";"Primates";"Lepilemuridae";"Lepilemur";"Lepilemur_ruficaudatus";877,5;-20,05;44,8166666666667;NA;"July-August 1996";"1996-07-01";"1996-08-31";0;0;0;0;0;0;1;1;0;0;0;0;1996;NA;NA;NA;5,40046296296296;466,6;19,53792987;21,87629312;205,8401377;76,52438348;70,96251704;-0,347037683983896;-1,86207013;21,4;"Drack, S., Ortmann, S., Bührmann, N., Schmid, J., Heldmaier, R. D., Heldmaier, G., & Ganzhorn, J. U. (1999). Field Metabolic Rate and the Cost of Ranging of the Red-Tailed Sportive Lemur (Lepilemur Ruficaudatus). En B. Rakotosamimanana, H. Rasamimanana, J. U. Ganzhorn, & S. M. Goodman (Eds.), New Directions in Lemur Studies (pp. 83-91). Springer US. https://doi.org/10.1007/978-1-4615-4705-1_5"
"99";99;99;7951;"Mammal";"Mammalia";"Primates";"Lepilemuridae";"Lepilemur";"Lepilemur_ruficaudatus";940,25;-20,05;44,8166666666667;NA;"July-August 1996";"1996-07-01";"1996-08-31";0;0;0;0;0;0;1;1;0;0;0;0;1996;NA;NA;NA;6,89525462962963;595,75;19,53792987;21,87629312;205,8401377;76,52438348;70,96251704;-0,152272310504881;-1,86207013;21,4;"Drack, S., Ortmann, S., Bührmann, N., Schmid, J., Heldmaier, R. D., Heldmaier, G., & Ganzhorn, J. U. (1999). Field Metabolic Rate and the Cost of Ranging of the Red-Tailed Sportive Lemur (Lepilemur Ruficaudatus). En B. Rakotosamimanana, H. Rasamimanana, J. U. Ganzhorn, & S. M. Goodman (Eds.), New Directions in Lemur Studies (pp. 83-91). Springer US. https://doi.org/10.1007/978-1-4615-4705-1_5"
"100";100;100;8157;"Mammal";"Mammalia";"Diprotodontia";"Phascolarctidae";"Phascolarctos";"Phascolarctos_cinereus";6300;-24;148;NA;"December/July 1991";"1990-12-01";"1991-07-31";1;1;1;1;1;1;1;0;0;0;0;1;1991;NA;NA;NA;13,3534722222222;1153,74;19,92646498;23,6959276;217,9535882;70,45017738;63,19899359;-0,856857975082725;-1,84853502;21,775;"Ellis, W. a. H., Melzer, A., Green, B., Newgrain, K., Hindell, M. A., & Carrick, F. N. (1995). Seasonal-Variation in Water Flux, Field Metabolic-Rate and Food-Consumption of Free-Ranging Koalas (Phascolarctos-Cinereus). Australian Journal of Zoology, 43(1), 59-68. https://doi.org/10.1071/zo9950059"
"101";101;101;8158;"Mammal";"Mammalia";"Diprotodontia";"Phascolarctidae";"Phascolarctos";"Phascolarctos_cinereus";6400;-24;148;NA;"December/July 1991";"1990-12-01";"1991-07-31";1;1;1;1;1;1;1;0;0;0;0;1;1991;NA;NA;NA;17,8518518518519;1542,4;19,92646498;23,6959276;217,9535882;70,45017738;63,19899359;-0,577832655434698;-1,84853502;21,775;"Ellis, W. a. H., Melzer, A., Green, B., Newgrain, K., Hindell, M. A., & Carrick, F. N. (1995). Seasonal-Variation in Water Flux, Field Metabolic-Rate and Food-Consumption of Free-Ranging Koalas (Phascolarctos-Cinereus). Australian Journal of Zoology, 43(1), 59-68. https://doi.org/10.1071/zo9950059"
"102";102;102;8159;"Mammal";"Mammalia";"Diprotodontia";"Phascolarctidae";"Phascolarctos";"Phascolarctos_cinereus";6600;-24;148;NA;"December/July 1991";"1990-12-01";"1991-07-31";1;1;1;1;1;1;1;0;0;0;0;1;1991;NA;NA;NA;9,02152777777778;779,46;19,92646498;23,6959276;217,9535882;70,45017738;63,19899359;-1,28241667346699;-1,84853502;21,775;"Ellis, W. a. H., Melzer, A., Green, B., Newgrain, K., Hindell, M. A., & Carrick, F. N. (1995). Seasonal-Variation in Water Flux, Field Metabolic-Rate and Food-Consumption of Free-Ranging Koalas (Phascolarctos-Cinereus). Australian Journal of Zoology, 43(1), 59-68. https://doi.org/10.1071/zo9950059"
"103";103;103;8161;"Mammal";"Mammalia";"Diprotodontia";"Phascolarctidae";"Phascolarctos";"Phascolarctos_cinereus";7100;-24;148;NA;"December/July 1991";"1990-12-01";"1991-07-31";1;1;1;1;1;1;1;0;0;0;0;1;1991;NA;NA;NA;14,865625;1284,39;19,92646498;23,6959276;217,9535882;70,45017738;63,19899359;-0,835402409685526;-1,84853502;21,775;"Ellis, W. a. H., Melzer, A., Green, B., Newgrain, K., Hindell, M. A., & Carrick, F. N. (1995). Seasonal-Variation in Water Flux, Field Metabolic-Rate and Food-Consumption of Free-Ranging Koalas (Phascolarctos-Cinereus). Australian Journal of Zoology, 43(1), 59-68. https://doi.org/10.1071/zo9950059"
"104";104;104;8162;"Mammal";"Mammalia";"Diprotodontia";"Phascolarctidae";"Phascolarctos";"Phascolarctos_cinereus";7100;-24;148;NA;"December/July 1991";"1990-12-01";"1991-07-31";1;1;1;1;1;1;1;0;0;0;0;1;1991;NA;NA;NA;21,008275462963;1815,115;19,92646498;23,6959276;217,9535882;70,45017738;63,19899359;-0,489537480560767;-1,84853502;21,775;"Ellis, W. a. H., Melzer, A., Green, B., Newgrain, K., Hindell, M. A., & Carrick, F. N. (1995). Seasonal-Variation in Water Flux, Field Metabolic-Rate and Food-Consumption of Free-Ranging Koalas (Phascolarctos-Cinereus). Australian Journal of Zoology, 43(1), 59-68. https://doi.org/10.1071/zo9950059"
"105";105;105;8164;"Mammal";"Mammalia";"Diprotodontia";"Phascolarctidae";"Phascolarctos";"Phascolarctos_cinereus";8150;-24;148;NA;"December/July 1991";"1990-12-01";"1991-07-31";1;1;1;1;1;1;1;0;0;0;0;1;1991;NA;NA;NA;17,5910300925926;1519,865;19,92646498;23,6959276;217,9535882;70,45017738;63,19899359;-0,766077542538451;-1,84853502;21,775;"Ellis, W. a. H., Melzer, A., Green, B., Newgrain, K., Hindell, M. A., & Carrick, F. N. (1995). Seasonal-Variation in Water Flux, Field Metabolic-Rate and Food-Consumption of Free-Ranging Koalas (Phascolarctos-Cinereus). Australian Journal of Zoology, 43(1), 59-68. https://doi.org/10.1071/zo9950059"
"106";106;106;8166;"Mammal";"Mammalia";"Diprotodontia";"Phascolarctidae";"Phascolarctos";"Phascolarctos_cinereus";9100;-24;148;NA;"December/July 1991";"1990-12-01";"1991-07-31";1;1;1;1;1;1;1;0;0;0;0;1;1991;NA;NA;NA;22,18125;1916,46;19,92646498;23,6959276;217,9535882;70,45017738;63,19899359;-0,613370637070892;-1,84853502;21,775;"Ellis, W. a. H., Melzer, A., Green, B., Newgrain, K., Hindell, M. A., & Carrick, F. N. (1995). Seasonal-Variation in Water Flux, Field Metabolic-Rate and Food-Consumption of Free-Ranging Koalas (Phascolarctos-Cinereus). Australian Journal of Zoology, 43(1), 59-68. https://doi.org/10.1071/zo9950059"
"107";107;107;8167;"Mammal";"Mammalia";"Diprotodontia";"Phascolarctidae";"Phascolarctos";"Phascolarctos_cinereus";9200;-24;148;NA;"December/July 1991";"1990-12-01";"1991-07-31";1;1;1;1;1;1;1;0;0;0;0;1;1991;NA;NA;NA;20,7398148148148;1791,92;19,92646498;23,6959276;217,9535882;70,45017738;63,19899359;-0,68840850015528;-1,84853502;21,775;"Ellis, W. a. H., Melzer, A., Green, B., Newgrain, K., Hindell, M. A., & Carrick, F. N. (1995). Seasonal-Variation in Water Flux, Field Metabolic-Rate and Food-Consumption of Free-Ranging Koalas (Phascolarctos-Cinereus). Australian Journal of Zoology, 43(1), 59-68. https://doi.org/10.1071/zo9950059"
"108";108;108;7918;"Mammal";"Mammalia";"Diprotodontia";"Vombatidae";"Lasiorhinus";"Lasiorhinus_krefftii";22490,5;-22,3666666666667;146,7;NA;"dry winter in 1995 and 1996";"1995-05-01";"1996-10-31";0;0;0;0;1;1;1;1;1;1;0;0;1995;1996;NA;NA;42,2884259259259;3653,72;19,12882743947;20,0934545659164;220,680280537043;55,429881129101;53,7152810375225;-0,617658888195364;0,212160772803333;18,9166666666667;"Evans, M., Green, B., & Newgrain, K. (2003). The field energetics and water fluxes of free-living wombats (Marsupialia: Vombatidae). Oecologia, 137(2), 171-180. https://doi.org/10.1007/s00442-003-1322-4"
"109";109;109;7919;"Mammal";"Mammalia";"Diprotodontia";"Vombatidae";"Lasiorhinus";"Lasiorhinus_krefftii";27398,5;-22,3666666666667;146,7;NA;"dry winter in 1995 and 1996";"1995-05-01";"1996-10-31";0;0;0;0;1;1;1;1;1;1;0;0;1995;1996;NA;NA;39,1576388888889;3383,22;19,12882743947;20,0934545659164;220,680280537043;55,429881129101;53,7152810375225;-0,836283605607539;0,212160772803333;18,9166666666667;"Evans, M., Green, B., & Newgrain, K. (2003). The field energetics and water fluxes of free-living wombats (Marsupialia: Vombatidae). Oecologia, 137(2), 171-180. https://doi.org/10.1007/s00442-003-1322-4"
"110";110;110;7920;"Mammal";"Mammalia";"Diprotodontia";"Vombatidae";"Lasiorhinus";"Lasiorhinus_krefftii";29492;-22,3666666666667;146,7;NA;"dry winter in 1995 and 1996";"1995-05-01";"1996-10-31";0;0;0;0;1;1;1;1;1;1;0;0;1995;1996;NA;NA;51,8930555555556;4483,56;19,12882743947;20,0934545659164;220,680280537043;55,429881129101;53,7152810375225;-0,607552468388014;0,212160772803333;18,9166666666667;"Evans, M., Green, B., & Newgrain, K. (2003). The field energetics and water fluxes of free-living wombats (Marsupialia: Vombatidae). Oecologia, 137(2), 171-180. https://doi.org/10.1007/s00442-003-1322-4"
"111";111;111;7921;"Mammal";"Mammalia";"Diprotodontia";"Vombatidae";"Lasiorhinus";"Lasiorhinus_krefftii";30001,5;-22,3666666666667;146,7;NA;"dry winter in 1995 and 1996";"1995-05-01";"1996-10-31";0;0;0;0;1;1;1;1;1;1;0;0;1995;1996;NA;NA;39,0583333333333;3374,64;19,12882743947;20,0934545659164;220,680280537043;55,429881129101;53,7152810375225;-0,903977343230414;0,212160772803333;18,9166666666667;"Evans, M., Green, B., & Newgrain, K. (2003). The field energetics and water fluxes of free-living wombats (Marsupialia: Vombatidae). Oecologia, 137(2), 171-180. https://doi.org/10.1007/s00442-003-1322-4"
"112";112;112;7922;"Mammal";"Mammalia";"Diprotodontia";"Vombatidae";"Lasiorhinus";"Lasiorhinus_krefftii";30485,5;-22,3666666666667;146,7;NA;"dry winter in 1995 and 1996";"1995-05-01";"1996-10-31";0;0;0;0;1;1;1;1;1;1;0;0;1995;1996;NA;NA;47,6511574074074;4117,06;19,12882743947;20,0934545659164;220,680280537043;55,429881129101;53,7152810375225;-0,71661552883083;0,212160772803333;18,9166666666667;"Evans, M., Green, B., & Newgrain, K. (2003). The field energetics and water fluxes of free-living wombats (Marsupialia: Vombatidae). Oecologia, 137(2), 171-180. https://doi.org/10.1007/s00442-003-1322-4"
"113";113;113;8097;"Mammal";"Mammalia";"Diprotodontia";"Pseudocheiridae";"Petauroides";"Petauroides_volans";847,5;-25,4666666666667;152,633333333333;55;"12 - 26 July 1982";"1982-07-12";"1982-07-26";0;0;0;0;0;0;1;0;0;0;0;0;1982;NA;NA;NA;5,39814814814815;466,4;15,4545246402408;15,4983395800763;153,118071947379;67,418115097641;67,978805306329;-0,322494029330413;0,354524640240799;15,1;"Foley, W. J., Kehl, J. C., Nagy, K. A., Kaplan, I. R., & Borsboom, A. C. (1990). Energy and Water Metabolism in Free-Living Greater Gliders, Petauroides-Volans. Australian Journal of Zoology, 38(1), 1-9. https://doi.org/10.1071/zo9900001"
"114";114;114;8098;"Mammal";"Mammalia";"Diprotodontia";"Pseudocheiridae";"Petauroides";"Petauroides_volans";908;-25,4666666666667;152,633333333333;55;"12 - 26 July 1982";"1982-07-12";"1982-07-26";0;0;0;0;0;0;1;0;0;0;0;0;1982;NA;NA;NA;5,4962962962963;474,88;15,31665797;15,35391861;142,1806688;67,48578213;68,118788;-0,353976132858988;0,216657969999998;15,1;"Foley, W. J., Kehl, J. C., Nagy, K. A., Kaplan, I. R., & Borsboom, A. C. (1990). Energy and Water Metabolism in Free-Living Greater Gliders, Petauroides-Volans. Australian Journal of Zoology, 38(1), 1-9. https://doi.org/10.1071/zo9900001"
"115";115;115;8099;"Mammal";"Mammalia";"Diprotodontia";"Pseudocheiridae";"Petauroides";"Petauroides_volans";1020;-25,4666666666667;152,633333333333;55;"12 - 26 July 1982";"1982-07-12";"1982-07-26";0;0;0;0;0;0;1;0;0;0;0;0;1982;NA;NA;NA;5,93796296296296;513,04;15,31665797;15,35391861;142,1806688;67,48578213;68,118788;-0,360184022367081;0,216657969999998;15,1;"Foley, W. J., Kehl, J. C., Nagy, K. A., Kaplan, I. R., & Borsboom, A. C. (1990). Energy and Water Metabolism in Free-Living Greater Gliders, Petauroides-Volans. Australian Journal of Zoology, 38(1), 1-9. https://doi.org/10.1071/zo9900001"
"116";116;116;8100;"Mammal";"Mammalia";"Diprotodontia";"Pseudocheiridae";"Petauroides";"Petauroides_volans";1042,5;-25,4666666666667;152,633333333333;55;"12 - 26 July 1982";"1982-07-12";"1982-07-26";0;0;0;0;0;0;1;0;0;0;0;0;1982;NA;NA;NA;6,41643518518519;554,38;15,31665797;15,35391861;142,1806688;67,48578213;68,118788;-0,298350999403676;0,216657969999998;15,1;"Foley, W. J., Kehl, J. C., Nagy, K. A., Kaplan, I. R., & Borsboom, A. C. (1990). Energy and Water Metabolism in Free-Living Greater Gliders, Petauroides-Volans. Australian Journal of Zoology, 38(1), 1-9. https://doi.org/10.1071/zo9900001"
"117";117;117;8101;"Mammal";"Mammalia";"Diprotodontia";"Pseudocheiridae";"Petauroides";"Petauroides_volans";1062,5;-25,4666666666667;152,633333333333;55;"12 - 26 July 1982";"1982-07-12";"1982-07-26";0;0;0;0;0;0;1;0;0;0;0;0;1982;NA;NA;NA;7,17708333333333;620,1;15,31665797;15,35391861;142,1806688;67,48578213;68,118788;-0,199962518668715;0,216657969999998;15,1;"Foley, W. J., Kehl, J. C., Nagy, K. A., Kaplan, I. R., & Borsboom, A. C. (1990). Energy and Water Metabolism in Free-Living Greater Gliders, Petauroides-Volans. Australian Journal of Zoology, 38(1), 1-9. https://doi.org/10.1071/zo9900001"
"118";118;118;8102;"Mammal";"Mammalia";"Diprotodontia";"Pseudocheiridae";"Petauroides";"Petauroides_volans";1077,5;-25,4666666666667;152,633333333333;55;"12 - 26 July 1982";"1982-07-12";"1982-07-26";0;0;0;0;0;0;1;0;0;0;0;0;1982;NA;NA;NA;6,01157407407407;519,4;15,31665797;15,35391861;142,1806688;67,48578213;68,118788;-0,387232927174746;0,216657969999998;15,1;"Foley, W. J., Kehl, J. C., Nagy, K. A., Kaplan, I. R., & Borsboom, A. C. (1990). Energy and Water Metabolism in Free-Living Greater Gliders, Petauroides-Volans. Australian Journal of Zoology, 38(1), 1-9. https://doi.org/10.1071/zo9900001"
"119";119;119;8103;"Mammal";"Mammalia";"Diprotodontia";"Pseudocheiridae";"Petauroides";"Petauroides_volans";1100;-25,4666666666667;152,633333333333;55;"12 - 26 July 1982";"1982-07-12";"1982-07-26";0;0;0;0;0;0;1;0;0;0;0;0;1982;NA;NA;NA;6,93171296296296;598,9;15,31665797;15,35391861;142,1806688;67,48578213;68,118788;-0,25964882495839;0,216657969999998;15,1;"Foley, W. J., Kehl, J. C., Nagy, K. A., Kaplan, I. R., & Borsboom, A. C. (1990). Energy and Water Metabolism in Free-Living Greater Gliders, Petauroides-Volans. Australian Journal of Zoology, 38(1), 1-9. https://doi.org/10.1071/zo9900001"
"120";120;120;8104;"Mammal";"Mammalia";"Diprotodontia";"Pseudocheiridae";"Petauroides";"Petauroides_volans";1115;-25,4666666666667;152,633333333333;55;"12 - 26 July 1982";"1982-07-12";"1982-07-26";0;0;0;0;0;0;1;0;0;0;0;0;1982;NA;NA;NA;5,86435185185185;506,68;15,31665797;15,35391861;142,1806688;67,48578213;68,118788;-0,436586999508951;0,216657969999998;15,1;"Foley, W. J., Kehl, J. C., Nagy, K. A., Kaplan, I. R., & Borsboom, A. C. (1990). Energy and Water Metabolism in Free-Living Greater Gliders, Petauroides-Volans. Australian Journal of Zoology, 38(1), 1-9. https://doi.org/10.1071/zo9900001"
"121";121;121;8338;"Mammal";"Mammalia";"Carnivora";"Canidae";"Vulpes";"Vulpes_cana";1000;29,5833333333333;34,8833333333333;NA;"February 1989";"1989-02-01";"1989-02-28";0;1;0;0;0;0;0;0;0;0;0;0;1989;NA;NA;NA;7,75462962962963;670;9,096091327;10,2822966;183,5555128;47,88588112;45,97885125;-0,0790441451809169;-5,003908673;14,1;"Geffen, E., Degen, A. A., Kam, M., Hefner, R., & Nagy, K. A. (1992). Daily Energy Expenditure and Water Flux of Free-Living Blanford’s Foxes (Vulpes cana), a small Desert Carnivore. Journal of Animal Ecology, 61(3), 611-617. https://doi.org/10.2307/5616"
"122";122;122;8265;"Mammal";"Mammalia";"Chiroptera";"Pteropodidae";"Syconycteris";"Syconycteris_australis";16;-29,2166666666667;153,35;26;"June 1995/June 1996";"1995-06-01";"1996-06-30";0;0;0;0;0;1;0;0;0;0;0;0;1995;1996;NA;NA;0,926157407407407;80,02;17,58721874;17,20211614;120,0644117;75,03698808;77,13674696;0,764522638734474;2,48721874;15,1;"Geiser, F., & Coburn, D. K. (1999). Field metabolic rates and water uptake in the blossom-bat Syconycteris australis (Megachiroptera). Journal of Comparative Physiology B, 169(2), 133-138. https://doi.org/10.1007/s003600050203"
"123";123;123;8266;"Mammal";"Mammalia";"Chiroptera";"Pteropodidae";"Syconycteris";"Syconycteris_australis";16;-29,2166666666667;153,35;26;"June 1995/June 1996";"1995-06-01";"1996-06-30";0;0;0;0;0;1;0;0;0;0;0;0;1995;1996;NA;NA;0,978240740740741;84,52;17,58721874;17,20211614;120,0644117;75,03698808;77,13674696;0,819234228053241;2,48721874;15,1;"Geiser, F., & Coburn, D. K. (1999). Field metabolic rates and water uptake in the blossom-bat Syconycteris australis (Megachiroptera). Journal of Comparative Physiology B, 169(2), 133-138. https://doi.org/10.1007/s003600050203"
"124";124;124;8267;"Mammal";"Mammalia";"Chiroptera";"Pteropodidae";"Syconycteris";"Syconycteris_australis";16;-29,2166666666667;153,35;26;"June 1995/June 1996";"1995-06-01";"1996-06-30";0;0;0;0;0;1;0;0;0;0;0;0;1995;1996;NA;NA;1,02291666666667;88,38;17,58721874;17,20211614;120,0644117;75,03698808;77,13674696;0,863891735007979;2,48721874;15,1;"Geiser, F., & Coburn, D. K. (1999). Field metabolic rates and water uptake in the blossom-bat Syconycteris australis (Megachiroptera). Journal of Comparative Physiology B, 169(2), 133-138. https://doi.org/10.1007/s003600050203"
"125";125;125;8268;"Mammal";"Mammalia";"Chiroptera";"Pteropodidae";"Syconycteris";"Syconycteris_australis";17;-29,2166666666667;153,35;26;"June 1995/June 1996";"1995-06-01";"1996-06-30";0;0;0;0;0;1;0;0;0;0;0;0;1995;1996;NA;NA;0,891087962962963;76,99;17,58721874;17,20211614;120,0644117;75,03698808;77,13674696;0,682400162136725;2,48721874;15,1;"Geiser, F., & Coburn, D. K. (1999). Field metabolic rates and water uptake in the blossom-bat Syconycteris australis (Megachiroptera). Journal of Comparative Physiology B, 169(2), 133-138. https://doi.org/10.1007/s003600050203"
"126";126;126;8269;"Mammal";"Mammalia";"Chiroptera";"Pteropodidae";"Syconycteris";"Syconycteris_australis";18,6;-29,2166666666667;153,35;26;"June 1995/June 1996";"1995-06-01";"1996-06-30";0;0;0;0;0;1;0;0;0;0;0;0;1995;1996;NA;NA;0,70150462962963;60,61;17,58721874;17,20211614;120,0644117;75,03698808;77,13674696;0,378612158723693;2,48721874;15,1;"Geiser, F., & Coburn, D. K. (1999). Field metabolic rates and water uptake in the blossom-bat Syconycteris australis (Megachiroptera). Journal of Comparative Physiology B, 169(2), 133-138. https://doi.org/10.1007/s003600050203"
"127";127;127;8270;"Mammal";"Mammalia";"Chiroptera";"Pteropodidae";"Syconycteris";"Syconycteris_australis";18,7;-29,2166666666667;153,35;26;"June 1995/June 1996";"1995-06-01";"1996-06-30";0;0;0;0;0;1;0;0;0;0;0;0;1995;1996;NA;NA;0,857060185185185;74,05;17,58721874;17,20211614;120,0644117;75,03698808;77,13674696;0,575043552897697;2,48721874;15,1;"Geiser, F., & Coburn, D. K. (1999). Field metabolic rates and water uptake in the blossom-bat Syconycteris australis (Megachiroptera). Journal of Comparative Physiology B, 169(2), 133-138. https://doi.org/10.1007/s003600050203"
"128";128;128;8271;"Mammal";"Mammalia";"Chiroptera";"Pteropodidae";"Syconycteris";"Syconycteris_australis";18,9;-29,2166666666667;153,35;26;"June 1995/June 1996";"1995-06-01";"1996-06-30";0;0;0;0;0;1;0;0;0;0;0;0;1995;1996;NA;NA;0,850810185185185;73,51;17,58721874;17,20211614;120,0644117;75,03698808;77,13674696;0,56008733289818;2,48721874;15,1;"Geiser, F., & Coburn, D. K. (1999). Field metabolic rates and water uptake in the blossom-bat Syconycteris australis (Megachiroptera). Journal of Comparative Physiology B, 169(2), 133-138. https://doi.org/10.1007/s003600050203"
"129";129;129;8000;"Mammal";"Mammalia";"Carnivora";"Mustelidae";"Martes";"Martes_americana";685;46,15;-90,9333333333333;NA;"October 2001 - February 2002";"2001-10-01";"2002-02-28";1;1;0;0;0;0;0;0;0;1;1;1;2001;2002;NA;NA;6,04166666666667;522;-8,476884781;-8,61097341;71,63158152;97,63248827;95,89467459;-0,0570527766810054;-3,396884781;-5,08;"Gilbert, J. H., Zollner, P. A., Green, A. K., Wright, J. L., & Karasov, W. H. (2009). Seasonal Field Metabolic Rates of American Martens in Wisconsin. The American Midland Naturalist, 162(2), 327-334. https://doi.org/10.1674/0003-0031-162.2.327"
"130";130;130;8001;"Mammal";"Mammalia";"Carnivora";"Mustelidae";"Martes";"Martes_americana";698;46,15;-90,9333333333333;NA;"October 2001 - February 2002";"2001-10-01";"2002-02-28";1;1;0;0;0;0;0;0;0;1;1;1;2001;2002;NA;NA;8,77314814814815;758;-8,476884781;-8,61097341;71,63158152;97,63248827;95,89467459;0,302466621161867;-3,396884781;-5,08;"Gilbert, J. H., Zollner, P. A., Green, A. K., Wright, J. L., & Karasov, W. H. (2009). Seasonal Field Metabolic Rates of American Martens in Wisconsin. The American Midland Naturalist, 162(2), 327-334. https://doi.org/10.1674/0003-0031-162.2.327"
"131";131;131;8002;"Mammal";"Mammalia";"Carnivora";"Mustelidae";"Martes";"Martes_americana";748;46,15;-90,9333333333333;NA;"October 2001 - February 2002";"2001-10-01";"2002-02-28";1;1;0;0;0;0;0;0;0;1;1;1;2001;2002;NA;NA;11,3657407407407;982;-8,476884781;-8,61097341;71,63158152;97,63248827;95,89467459;0,511708580522568;-3,396884781;-5,08;"Gilbert, J. H., Zollner, P. A., Green, A. K., Wright, J. L., & Karasov, W. H. (2009). Seasonal Field Metabolic Rates of American Martens in Wisconsin. The American Midland Naturalist, 162(2), 327-334. https://doi.org/10.1674/0003-0031-162.2.327"
"132";132;132;8003;"Mammal";"Mammalia";"Carnivora";"Mustelidae";"Martes";"Martes_americana";790;46,15;-90,9333333333333;NA;"October 2001 - February 2002";"2001-10-01";"2002-02-28";1;1;0;0;0;0;0;0;0;1;1;1;2001;2002;NA;NA;7,56944444444444;654;-8,476884781;-8,61097341;71,63158152;97,63248827;95,89467459;0,0660066706737143;-3,396884781;-5,08;"Gilbert, J. H., Zollner, P. A., Green, A. K., Wright, J. L., & Karasov, W. H. (2009). Seasonal Field Metabolic Rates of American Martens in Wisconsin. The American Midland Naturalist, 162(2), 327-334. https://doi.org/10.1674/0003-0031-162.2.327"
"133";133;133;8004;"Mammal";"Mammalia";"Carnivora";"Mustelidae";"Martes";"Martes_americana";1030;46,15;-90,9333333333333;NA;"October 2001 - February 2002";"2001-10-01";"2002-02-28";1;1;0;0;0;0;0;0;0;1;1;1;2001;2002;NA;NA;8,10185185185185;700;-8,476884781;-8,61097341;71,63158152;97,63248827;95,89467459;-0,0564612993034404;-3,396884781;-5,08;"Gilbert, J. H., Zollner, P. A., Green, A. K., Wright, J. L., & Karasov, W. H. (2009). Seasonal Field Metabolic Rates of American Martens in Wisconsin. The American Midland Naturalist, 162(2), 327-334. https://doi.org/10.1674/0003-0031-162.2.327"
"134";134;134;8005;"Mammal";"Mammalia";"Carnivora";"Mustelidae";"Martes";"Martes_americana";1060;46,15;-90,9333333333333;NA;"October 2001 - February 2002";"2001-10-01";"2002-02-28";1;1;0;0;0;0;0;0;0;1;1;1;2001;2002;NA;NA;9,88425925925926;854;-8,476884781;-8,61097341;71,63158152;97,63248827;95,89467459;0,121779047784206;-3,396884781;-5,08;"Gilbert, J. H., Zollner, P. A., Green, A. K., Wright, J. L., & Karasov, W. H. (2009). Seasonal Field Metabolic Rates of American Martens in Wisconsin. The American Midland Naturalist, 162(2), 327-334. https://doi.org/10.1674/0003-0031-162.2.327"
"135";135;135;8006;"Mammal";"Mammalia";"Carnivora";"Mustelidae";"Martes";"Martes_americana";1090;46,15;-90,9333333333333;NA;"October 2001 - February 2002";"2001-10-01";"2002-02-28";1;1;0;0;0;0;0;0;0;1;1;1;2001;2002;NA;NA;8,44907407407407;730;-8,476884781;-8,61097341;71,63158152;97,63248827;95,89467459;-0,0551428707073577;-3,396884781;-5,08;"Gilbert, J. H., Zollner, P. A., Green, A. K., Wright, J. L., & Karasov, W. H. (2009). Seasonal Field Metabolic Rates of American Martens in Wisconsin. The American Midland Naturalist, 162(2), 327-334. https://doi.org/10.1674/0003-0031-162.2.327"
"136";136;136;8007;"Mammal";"Mammalia";"Carnivora";"Mustelidae";"Martes";"Martes_americana";1100;46,15;-90,9333333333333;NA;"October 2001 - February 2002";"2001-10-01";"2002-02-28";1;1;0;0;0;0;0;0;0;1;1;1;2001;2002;NA;NA;9,83796296296296;850;-8,476884781;-8,61097341;71,63158152;97,63248827;95,89467459;0,0904928852555562;-3,396884781;-5,08;"Gilbert, J. H., Zollner, P. A., Green, A. K., Wright, J. L., & Karasov, W. H. (2009). Seasonal Field Metabolic Rates of American Martens in Wisconsin. The American Midland Naturalist, 162(2), 327-334. https://doi.org/10.1674/0003-0031-162.2.327"
"137";137;137;8008;"Mammal";"Mammalia";"Carnivora";"Mustelidae";"Martes";"Martes_americana";1350;46,15;-90,9333333333333;NA;"October 2001 - February 2002";"2001-10-01";"2002-02-28";1;1;0;0;0;0;0;0;0;1;1;1;2001;2002;NA;NA;10,5324074074074;910;-8,476884781;-8,61097341;71,63158152;97,63248827;95,89467459;0,0116826029743295;-3,396884781;-5,08;"Gilbert, J. H., Zollner, P. A., Green, A. K., Wright, J. L., & Karasov, W. H. (2009). Seasonal Field Metabolic Rates of American Martens in Wisconsin. The American Midland Naturalist, 162(2), 327-334. https://doi.org/10.1674/0003-0031-162.2.327"
"138";138;138;8009;"Mammal";"Mammalia";"Carnivora";"Mustelidae";"Martes";"Martes_americana";1350;46,15;-90,9333333333333;NA;"October 2001 - February 2002";"2001-10-01";"2002-02-28";1;1;0;0;0;0;0;0;0;1;1;1;2001;2002;NA;NA;14,1203703703704;1220;-8,476884781;-8,61097341;71,63158152;97,63248827;95,89467459;0,304844141190736;-3,396884781;-5,08;"Gilbert, J. H., Zollner, P. A., Green, A. K., Wright, J. L., & Karasov, W. H. (2009). Seasonal Field Metabolic Rates of American Martens in Wisconsin. The American Midland Naturalist, 162(2), 327-334. https://doi.org/10.1674/0003-0031-162.2.327"
"139";139;139;8212;"Mammal";"Mammalia";"Artiodactyla";"Cervidae";"Rangifer";"Rangifer_tarandus";55800;69,3333333333333;NA;NA;"7 - 11 March 1996";"1996-03-07";"1996-03-11";0;0;1;0;0;0;0;0;0;0;0;0;1996;NA;NA;NA;207,87037037037;17960;NA;NA;NA;NA;NA;0,322415332118684;NA;NA;"Gotaas, G., Milne, E., Haggarty, P., & Tyler, N. J. C. (2000). Energy expenditure of free-living reindeer estimated by the doubly labelled water method. Rangifer, 20(4), Article 4. https://doi.org/10.7557/2.20.4.1516"
"140";140;140;8213;"Mammal";"Mammalia";"Artiodactyla";"Cervidae";"Rangifer";"Rangifer_tarandus";62800;69,3333333333333;NA;NA;"7 - 11 March 1996";"1996-03-07";"1996-03-11";0;0;1;0;0;0;0;0;0;0;0;0;1996;NA;NA;NA;152,893518518519;13210;NA;NA;NA;NA;NA;-0,0695979501323586;NA;NA;"Gotaas, G., Milne, E., Haggarty, P., & Tyler, N. J. C. (2000). Energy expenditure of free-living reindeer estimated by the doubly labelled water method. Rangifer, 20(4), Article 4. https://doi.org/10.7557/2.20.4.1516"
"141";141;141;8214;"Mammal";"Mammalia";"Artiodactyla";"Cervidae";"Rangifer";"Rangifer_tarandus";64500;69,3333333333333;NA;NA;"7 - 11 March 1996";"1996-03-07";"1996-03-11";0;0;1;0;0;0;0;0;0;0;0;0;1996;NA;NA;NA;193,981481481481;16760;NA;NA;NA;NA;NA;0,149248249848557;NA;NA;"Gotaas, G., Milne, E., Haggarty, P., & Tyler, N. J. C. (2000). Energy expenditure of free-living reindeer estimated by the doubly labelled water method. Rangifer, 20(4), Article 4. https://doi.org/10.7557/2.20.4.1516"
"142";142;142;7806;"Mammal";"Mammalia";"Rodentia";"Cricetidae";"Arvicola";"Arvicola_amphibius";60,3;46,9;6,2;NA;"April 1981";"1981-04-01";"1981-04-30";0;0;0;1;0;0;0;0;0;0;0;0;1981;NA;NA;NA;1,09572916666667;94,671;5,856846547;8,251953609;244,5306112;90,46441652;79,1596845;-0,0197934406043951;-0,243153453;6,1;"Grenot, C., Pascal, M., Buscarlet, L., Francaz, J. M., & Sellami, M. (1984). Water and energy balance in the water vole (Arvicola terrestris sherman) in the laboratory and in the field (haut-doubs, France). Comparative Biochemistry and Physiology Part A: Physiology, 78(1), 185-196. https://doi.org/10.1016/0300-9629(84)90114-2"
"143";143;143;7807;"Mammal";"Mammalia";"Rodentia";"Cricetidae";"Arvicola";"Arvicola_amphibius";75,5;46,9;6,2;NA;"April 1981";"1981-04-01";"1981-04-30";0;0;0;1;0;0;0;0;0;0;0;0;1981;NA;NA;NA;1,67515625;144,7335;5,856846547;8,251953609;244,5306112;90,46441652;79,1596845;0,243312346345684;-0,243153453;6,1;"Grenot, C., Pascal, M., Buscarlet, L., Francaz, J. M., & Sellami, M. (1984). Water and energy balance in the water vole (Arvicola terrestris sherman) in the laboratory and in the field (haut-doubs, France). Comparative Biochemistry and Physiology Part A: Physiology, 78(1), 185-196. https://doi.org/10.1016/0300-9629(84)90114-2"
"144";144;144;7808;"Mammal";"Mammalia";"Rodentia";"Cricetidae";"Arvicola";"Arvicola_amphibius";76;46,9;6,2;NA;"April 1981";"1981-04-01";"1981-04-30";0;0;0;1;0;0;0;0;0;0;0;0;1981;NA;NA;NA;1,73902777777778;150,252;5,856846547;8,251953609;244,5306112;90,46441652;79,1596845;0,275993588264129;-0,243153453;6,1;"Grenot, C., Pascal, M., Buscarlet, L., Francaz, J. M., & Sellami, M. (1984). Water and energy balance in the water vole (Arvicola terrestris sherman) in the laboratory and in the field (haut-doubs, France). Comparative Biochemistry and Physiology Part A: Physiology, 78(1), 185-196. https://doi.org/10.1016/0300-9629(84)90114-2"
"145";145;145;7809;"Mammal";"Mammalia";"Rodentia";"Cricetidae";"Arvicola";"Arvicola_amphibius";79,1;46,9;6,2;NA;"April 1981";"1981-04-01";"1981-04-30";0;0;0;1;0;0;0;0;0;0;0;0;1981;NA;NA;NA;1,85299074074074;160,0984;5,856846547;8,251953609;244,5306112;90,46441652;79,1596845;0,310767681338972;-0,243153453;6,1;"Grenot, C., Pascal, M., Buscarlet, L., Francaz, J. M., & Sellami, M. (1984). Water and energy balance in the water vole (Arvicola terrestris sherman) in the laboratory and in the field (haut-doubs, France). Comparative Biochemistry and Physiology Part A: Physiology, 78(1), 185-196. https://doi.org/10.1016/0300-9629(84)90114-2"
"146";146;146;7810;"Mammal";"Mammalia";"Rodentia";"Cricetidae";"Arvicola";"Arvicola_amphibius";81;46,9;6,2;NA;"April 1981";"1981-04-01";"1981-04-30";0;0;0;1;0;0;0;0;0;0;0;0;1981;NA;NA;NA;1,6753125;144,747;5,856846547;8,251953609;244,5306112;90,46441652;79,1596845;0,192926562000441;-0,243153453;6,1;"Grenot, C., Pascal, M., Buscarlet, L., Francaz, J. M., & Sellami, M. (1984). Water and energy balance in the water vole (Arvicola terrestris sherman) in the laboratory and in the field (haut-doubs, France). Comparative Biochemistry and Physiology Part A: Physiology, 78(1), 185-196. https://doi.org/10.1016/0300-9629(84)90114-2"
"147";147;147;7811;"Mammal";"Mammalia";"Rodentia";"Cricetidae";"Arvicola";"Arvicola_amphibius";81,8;46,9;6,2;NA;"April 1981";"1981-04-01";"1981-04-30";0;0;0;1;0;0;0;0;0;0;0;0;1981;NA;NA;NA;1,60949074074074;139,06;5,856846547;8,251953609;244,5306112;90,46441652;79,1596845;0,145789242814037;-0,243153453;6,1;"Grenot, C., Pascal, M., Buscarlet, L., Francaz, J. M., & Sellami, M. (1984). Water and energy balance in the water vole (Arvicola terrestris sherman) in the laboratory and in the field (haut-doubs, France). Comparative Biochemistry and Physiology Part A: Physiology, 78(1), 185-196. https://doi.org/10.1016/0300-9629(84)90114-2"
"148";148;148;7812;"Mammal";"Mammalia";"Rodentia";"Cricetidae";"Arvicola";"Arvicola_amphibius";82,2;46,9;6,2;NA;"April 1981";"1981-04-01";"1981-04-30";0;0;0;1;0;0;0;0;0;0;0;0;1981;NA;NA;NA;1,97984027777778;171,0582;5,856846547;8,251953609;244,5306112;90,46441652;79,1596845;0,34938571987966;-0,243153453;6,1;"Grenot, C., Pascal, M., Buscarlet, L., Francaz, J. M., & Sellami, M. (1984). Water and energy balance in the water vole (Arvicola terrestris sherman) in the laboratory and in the field (haut-doubs, France). Comparative Biochemistry and Physiology Part A: Physiology, 78(1), 185-196. https://doi.org/10.1016/0300-9629(84)90114-2"
"149";149;149;7813;"Mammal";"Mammalia";"Rodentia";"Cricetidae";"Arvicola";"Arvicola_amphibius";83,8;46,9;6,2;NA;"April 1981";"1981-04-01";"1981-04-30";0;0;0;1;0;0;0;0;0;0;0;0;1981;NA;NA;NA;1,4015162037037;121,091;5,856846547;8,251953609;244,5306112;90,46441652;79,1596845;-0,00991494742723241;-0,243153453;6,1;"Grenot, C., Pascal, M., Buscarlet, L., Francaz, J. M., & Sellami, M. (1984). Water and energy balance in the water vole (Arvicola terrestris sherman) in the laboratory and in the field (haut-doubs, France). Comparative Biochemistry and Physiology Part A: Physiology, 78(1), 185-196. https://doi.org/10.1016/0300-9629(84)90114-2"
"150";150;150;7816;"Mammal";"Mammalia";"Rodentia";"Cricetidae";"Arvicola";"Arvicola_amphibius";97,4;46,9;6,2;NA;"April 1981";"1981-04-01";"1981-04-30";0;0;0;1;0;0;0;0;0;0;0;0;1981;NA;NA;NA;2,00211111111111;172,9824;5,856846547;8,251953609;244,5306112;90,46441652;79,1596845;0,238767777785319;-0,243153453;6,1;"Grenot, C., Pascal, M., Buscarlet, L., Francaz, J. M., & Sellami, M. (1984). Water and energy balance in the water vole (Arvicola terrestris sherman) in the laboratory and in the field (haut-doubs, France). Comparative Biochemistry and Physiology Part A: Physiology, 78(1), 185-196. https://doi.org/10.1016/0300-9629(84)90114-2"
"151";151;151;7817;"Mammal";"Mammalia";"Rodentia";"Cricetidae";"Arvicola";"Arvicola_amphibius";102,3;46,9;6,2;NA;"April 1981";"1981-04-01";"1981-04-30";0;0;0;1;0;0;0;0;0;0;0;0;1981;NA;NA;NA;2,26030902777778;195,2907;5,856846547;8,251953609;244,5306112;90,46441652;79,1596845;0,32483093193584;-0,243153453;6,1;"Grenot, C., Pascal, M., Buscarlet, L., Francaz, J. M., & Sellami, M. (1984). Water and energy balance in the water vole (Arvicola terrestris sherman) in the laboratory and in the field (haut-doubs, France). Comparative Biochemistry and Physiology Part A: Physiology, 78(1), 185-196. https://doi.org/10.1016/0300-9629(84)90114-2"
"152";152;152;7814;"Mammal";"Mammalia";"Rodentia";"Cricetidae";"Arvicola";"Arvicola_amphibius";86,5;46,9;6,2;NA;"August 1981";"1981-08-01";"1981-08-31";0;0;0;0;0;0;0;1;0;0;0;0;1981;NA;NA;NA;1,0672337962963;92,209;16,13610652;18,48561254;268,2175604;84,56867549;75,93279097;-0,305164632649317;0,936106519999999;15,2;"Grenot, C., Pascal, M., Buscarlet, L., Francaz, J. M., & Sellami, M. (1984). Water and energy balance in the water vole (Arvicola terrestris sherman) in the laboratory and in the field (haut-doubs, France). Comparative Biochemistry and Physiology Part A: Physiology, 78(1), 185-196. https://doi.org/10.1016/0300-9629(84)90114-2"
"153";153;153;7815;"Mammal";"Mammalia";"Rodentia";"Cricetidae";"Arvicola";"Arvicola_amphibius";93;46,9;6,2;NA;"August 1981";"1981-08-01";"1981-08-31";0;0;0;0;0;0;0;1;0;0;0;0;1981;NA;NA;NA;0,981666666666667;84,816;16,13610652;18,48561254;268,2175604;84,56867549;75,93279097;-0,440752474857024;0,936106519999999;15,2;"Grenot, C., Pascal, M., Buscarlet, L., Francaz, J. M., & Sellami, M. (1984). Water and energy balance in the water vole (Arvicola terrestris sherman) in the laboratory and in the field (haut-doubs, France). Comparative Biochemistry and Physiology Part A: Physiology, 78(1), 185-196. https://doi.org/10.1016/0300-9629(84)90114-2"
"154";154;154;7842;"Mammal";"Mammalia";"Rodentia";"Caviidae";"Cavia";"Cavia_magna";405;-34,27;-53,89;12;"19 July - 11 August 1999";"1999-07-19";"1999-08-11";0;0;0;0;0;0;1;1;0;0;0;0;1999;NA;NA;NA;5,63310185185185;486,7;12,0032261570353;12,1405980575401;127,19001716041;84,895410689984;84,4177800353686;0,250198146127147;0,303226157035299;11,7;"Künkele, J., Kraus, C., & Trillmich, F. (2005). Does the Unusual Life History of the Precocial Cavy (Cavia magna) Translate into an Exceptional Field Metabolic Rate? Physiological and Biochemical Zoology, 78(1), 48-54. https://doi.org/10.1086/425197"
"155";155;155;7847;"Mammal";"Mammalia";"Rodentia";"Caviidae";"Cavia";"Cavia_magna";453;-34,27;-53,89;12;"19 July - 11 August 1999";"1999-07-19";"1999-08-11";0;0;0;0;0;0;1;1;0;0;0;0;1999;NA;NA;NA;3,95023148148148;341,3;12,0032261570353;12,1405980575401;127,19001716041;84,895410689984;84,4177800353686;-0,185094499534019;0,303226157035299;11,7;"Künkele, J., Kraus, C., & Trillmich, F. (2005). Does the Unusual Life History of the Precocial Cavy (Cavia magna) Translate into an Exceptional Field Metabolic Rate? Physiological and Biochemical Zoology, 78(1), 48-54. https://doi.org/10.1086/425197"
"156";156;156;7853;"Mammal";"Mammalia";"Rodentia";"Caviidae";"Cavia";"Cavia_magna";485;-34,27;-53,89;12;"19 July - 11 August 1999";"1999-07-19";"1999-08-11";0;0;0;0;0;0;1;1;0;0;0;0;1999;NA;NA;NA;6,75810185185185;583,9;12,0032261570353;12,1405980575401;127,19001716041;84,895410689984;84,4177800353686;0,302872973300795;0,303226157035299;11,7;"Künkele, J., Kraus, C., & Trillmich, F. (2005). Does the Unusual Life History of the Precocial Cavy (Cavia magna) Translate into an Exceptional Field Metabolic Rate? Physiological and Biochemical Zoology, 78(1), 48-54. https://doi.org/10.1086/425197"
"157";157;157;7856;"Mammal";"Mammalia";"Rodentia";"Caviidae";"Cavia";"Cavia_magna";546;-34,27;-53,89;12;"19 July - 11 August 1999";"1999-07-19";"1999-08-11";0;0;0;0;0;0;1;1;0;0;0;0;1999;NA;NA;NA;6,86226851851852;592,9;12,0032261570353;12,1405980575401;127,19001716041;84,895410689984;84,4177800353686;0,233121268107028;0,303226157035299;11,7;"Künkele, J., Kraus, C., & Trillmich, F. (2005). Does the Unusual Life History of the Precocial Cavy (Cavia magna) Translate into an Exceptional Field Metabolic Rate? Physiological and Biochemical Zoology, 78(1), 48-54. https://doi.org/10.1086/425197"
"158";158;158;7861;"Mammal";"Mammalia";"Rodentia";"Caviidae";"Cavia";"Cavia_magna";620;-34,27;-53,89;12;"19 July - 11 August 1999";"1999-07-19";"1999-08-11";0;0;0;0;0;0;1;1;0;0;0;0;1999;NA;NA;NA;6,43981481481481;556,4;12,0032261570353;12,1405980575401;127,19001716041;84,895410689984;84,4177800353686;0,0783396224049046;0,303226157035299;11,7;"Künkele, J., Kraus, C., & Trillmich, F. (2005). Does the Unusual Life History of the Precocial Cavy (Cavia magna) Translate into an Exceptional Field Metabolic Rate? Physiological and Biochemical Zoology, 78(1), 48-54. https://doi.org/10.1086/425197"
"159";159;159;7862;"Mammal";"Mammalia";"Rodentia";"Caviidae";"Cavia";"Cavia_magna";654;-34,27;-53,89;12;"19 July - 11 August 1999";"1999-07-19";"1999-08-11";0;0;0;0;0;0;1;1;0;0;0;0;1999;NA;NA;NA;6,11342592592593;528,2;12,0032261570353;12,1405980575401;127,19001716041;84,895410689984;84,4177800353686;-0,0119991118800633;0,303226157035299;11,7;"Künkele, J., Kraus, C., & Trillmich, F. (2005). Does the Unusual Life History of the Precocial Cavy (Cavia magna) Translate into an Exceptional Field Metabolic Rate? Physiological and Biochemical Zoology, 78(1), 48-54. https://doi.org/10.1086/425197"
"160";160;160;7863;"Mammal";"Mammalia";"Rodentia";"Caviidae";"Cavia";"Cavia_magna";679;-34,27;-53,89;12;"19 July - 11 August 1999";"1999-07-19";"1999-08-11";0;0;0;0;0;0;1;1;0;0;0;0;1999;NA;NA;NA;7,58101851851852;655;12,0032261570353;12,1405980575401;127,19001716041;84,895410689984;84,4177800353686;0,176230602534149;0,303226157035299;11,7;"Künkele, J., Kraus, C., & Trillmich, F. (2005). Does the Unusual Life History of the Precocial Cavy (Cavia magna) Translate into an Exceptional Field Metabolic Rate? Physiological and Biochemical Zoology, 78(1), 48-54. https://doi.org/10.1086/425197"
"161";161;161;7864;"Mammal";"Mammalia";"Rodentia";"Caviidae";"Cavia";"Cavia_magna";679;-34,27;-53,89;12;"19 July - 11 August 1999";"1999-07-19";"1999-08-11";0;0;0;0;0;0;1;1;0;0;0;0;1999;NA;NA;NA;9,20601851851852;795,4;12,0032261570353;12,1405980575401;127,19001716041;84,895410689984;84,4177800353686;0,370440499672488;0,303226157035299;11,7;"Künkele, J., Kraus, C., & Trillmich, F. (2005). Does the Unusual Life History of the Precocial Cavy (Cavia magna) Translate into an Exceptional Field Metabolic Rate? Physiological and Biochemical Zoology, 78(1), 48-54. https://doi.org/10.1086/425197"
"162";162;162;7865;"Mammal";"Mammalia";"Rodentia";"Caviidae";"Cavia";"Cavia_magna";687;-34,27;-53,89;12;"19 July - 11 August 1999";"1999-07-19";"1999-08-11";0;0;0;0;0;0;1;1;0;0;0;0;1999;NA;NA;NA;5,92361111111111;511,8;12,0032261570353;12,1405980575401;127,19001716041;84,895410689984;84,4177800353686;-0,0788793971676244;0,303226157035299;11,7;"Künkele, J., Kraus, C., & Trillmich, F. (2005). Does the Unusual Life History of the Precocial Cavy (Cavia magna) Translate into an Exceptional Field Metabolic Rate? Physiological and Biochemical Zoology, 78(1), 48-54. https://doi.org/10.1086/425197"
"163";163;163;7837;"Mammal";"Mammalia";"Rodentia";"Caviidae";"Cavia";"Cavia_magna";362;-34,27;-53,89;12;"23  February  - 10 April 2000";"2000-02-23";"2000-04-10";0;1;1;1;0;0;0;0;0;0;0;0;2000;NA;NA;NA;5,0462962962963;436;21,8285709024633;23,2116388654808;203,754815919476;75,4399341672667;71,7791780161833;0,220769767848113;1,86190423579663;19,9666666666667;"Künkele, J., Kraus, C., & Trillmich, F. (2005). Does the Unusual Life History of the Precocial Cavy (Cavia magna) Translate into an Exceptional Field Metabolic Rate? Physiological and Biochemical Zoology, 78(1), 48-54. https://doi.org/10.1086/425197"
"164";164;164;7838;"Mammal";"Mammalia";"Rodentia";"Caviidae";"Cavia";"Cavia_magna";366;-34,27;-53,89;12;"23  February  - 10 April 2000";"2000-02-23";"2000-04-10";0;1;1;1;0;0;0;0;0;0;0;0;2000;NA;NA;NA;2,71643518518519;234,7;21,8285709024633;23,2116388654808;203,754815919476;75,4399341672667;71,7791780161833;-0,406453281840837;1,86190423579663;19,9666666666667;"Künkele, J., Kraus, C., & Trillmich, F. (2005). Does the Unusual Life History of the Precocial Cavy (Cavia magna) Translate into an Exceptional Field Metabolic Rate? Physiological and Biochemical Zoology, 78(1), 48-54. https://doi.org/10.1086/425197"
"165";165;165;7839;"Mammal";"Mammalia";"Rodentia";"Caviidae";"Cavia";"Cavia_magna";385;-34,27;-53,89;12;"23  February  - 10 April 2000";"2000-02-23";"2000-04-10";0;1;1;1;0;0;0;0;0;0;0;0;2000;NA;NA;NA;3,42939814814815;296,3;21,8285709024633;23,2116388654808;203,754815919476;75,4399341672667;71,7791780161833;-0,209721015326483;1,86190423579663;19,9666666666667;"Künkele, J., Kraus, C., & Trillmich, F. (2005). Does the Unusual Life History of the Precocial Cavy (Cavia magna) Translate into an Exceptional Field Metabolic Rate? Physiological and Biochemical Zoology, 78(1), 48-54. https://doi.org/10.1086/425197"
"166";166;166;7840;"Mammal";"Mammalia";"Rodentia";"Caviidae";"Cavia";"Cavia_magna";400;-34,27;-53,89;12;"23  February  - 10 April 2000";"2000-02-23";"2000-04-10";0;1;1;1;0;0;0;0;0;0;0;0;2000;NA;NA;NA;3,74768518518519;323,8;21,8285709024633;23,2116388654808;203,754815919476;75,4399341672667;71,7791780161833;-0,148405807177026;1,86190423579663;19,9666666666667;"Künkele, J., Kraus, C., & Trillmich, F. (2005). Does the Unusual Life History of the Precocial Cavy (Cavia magna) Translate into an Exceptional Field Metabolic Rate? Physiological and Biochemical Zoology, 78(1), 48-54. https://doi.org/10.1086/425197"
"167";167;167;7841;"Mammal";"Mammalia";"Rodentia";"Caviidae";"Cavia";"Cavia_magna";400;-34,27;-53,89;12;"23  February  - 10 April 2000";"2000-02-23";"2000-04-10";0;1;1;1;0;0;0;0;0;0;0;0;2000;NA;NA;NA;3,87615740740741;334,9;21,8285709024633;23,2116388654808;203,754815919476;75,4399341672667;71,7791780161833;-0,114699868620402;1,86190423579663;19,9666666666667;"Künkele, J., Kraus, C., & Trillmich, F. (2005). Does the Unusual Life History of the Precocial Cavy (Cavia magna) Translate into an Exceptional Field Metabolic Rate? Physiological and Biochemical Zoology, 78(1), 48-54. https://doi.org/10.1086/425197"
"168";168;168;7843;"Mammal";"Mammalia";"Rodentia";"Caviidae";"Cavia";"Cavia_magna";410;-34,27;-53,89;12;"23  February  - 10 April 2000";"2000-02-23";"2000-04-10";0;1;1;1;0;0;0;0;0;0;0;0;2000;NA;NA;NA;3,22569444444444;278,7;21,8285709024633;23,2116388654808;203,754815919476;75,4399341672667;71,7791780161833;-0,316122333393894;1,86190423579663;19,9666666666667;"Künkele, J., Kraus, C., & Trillmich, F. (2005). Does the Unusual Life History of the Precocial Cavy (Cavia magna) Translate into an Exceptional Field Metabolic Rate? Physiological and Biochemical Zoology, 78(1), 48-54. https://doi.org/10.1086/425197"
"169";169;169;7844;"Mammal";"Mammalia";"Rodentia";"Caviidae";"Cavia";"Cavia_magna";411;-34,27;-53,89;12;"23  February  - 10 April 2000";"2000-02-23";"2000-04-10";0;1;1;1;0;0;0;0;0;0;0;0;2000;NA;NA;NA;4,12615740740741;356,5;21,8285709024633;23,2116388654808;203,754815919476;75,4399341672667;71,7791780161833;-0,0716728316025934;1,86190423579663;19,9666666666667;"Künkele, J., Kraus, C., & Trillmich, F. (2005). Does the Unusual Life History of the Precocial Cavy (Cavia magna) Translate into an Exceptional Field Metabolic Rate? Physiological and Biochemical Zoology, 78(1), 48-54. https://doi.org/10.1086/425197"
"170";170;170;7845;"Mammal";"Mammalia";"Rodentia";"Caviidae";"Cavia";"Cavia_magna";428;-34,27;-53,89;12;"23  February  - 10 April 2000";"2000-02-23";"2000-04-10";0;1;1;1;0;0;0;0;0;0;0;0;2000;NA;NA;NA;2,86689814814815;247,7;21,8285709024633;23,2116388654808;203,754815919476;75,4399341672667;71,7791780161833;-0,46488454014827;1,86190423579663;19,9666666666667;"Künkele, J., Kraus, C., & Trillmich, F. (2005). Does the Unusual Life History of the Precocial Cavy (Cavia magna) Translate into an Exceptional Field Metabolic Rate? Physiological and Biochemical Zoology, 78(1), 48-54. https://doi.org/10.1086/425197"
"171";171;171;7846;"Mammal";"Mammalia";"Rodentia";"Caviidae";"Cavia";"Cavia_magna";446;-34,27;-53,89;12;"23  February  - 10 April 2000";"2000-02-23";"2000-04-10";0;1;1;1;0;0;0;0;0;0;0;0;2000;NA;NA;NA;3,37731481481481;291,8;21,8285709024633;23,2116388654808;203,754815919476;75,4399341672667;71,7791780161833;-0,330607994890329;1,86190423579663;19,9666666666667;"Künkele, J., Kraus, C., & Trillmich, F. (2005). Does the Unusual Life History of the Precocial Cavy (Cavia magna) Translate into an Exceptional Field Metabolic Rate? Physiological and Biochemical Zoology, 78(1), 48-54. https://doi.org/10.1086/425197"
"172";172;172;7848;"Mammal";"Mammalia";"Rodentia";"Caviidae";"Cavia";"Cavia_magna";462;-34,27;-53,89;12;"23  February  - 10 April 2000";"2000-02-23";"2000-04-10";0;1;1;1;0;0;0;0;0;0;0;0;2000;NA;NA;NA;4,91203703703704;424,4;21,8285709024633;23,2116388654808;203,754815919476;75,4399341672667;71,7791780161833;0,0186972972229209;1,86190423579663;19,9666666666667;"Künkele, J., Kraus, C., & Trillmich, F. (2005). Does the Unusual Life History of the Precocial Cavy (Cavia magna) Translate into an Exceptional Field Metabolic Rate? Physiological and Biochemical Zoology, 78(1), 48-54. https://doi.org/10.1086/425197"
"173";173;173;7849;"Mammal";"Mammalia";"Rodentia";"Caviidae";"Cavia";"Cavia_magna";465;-34,27;-53,89;12;"23  February  - 10 April 2000";"2000-02-23";"2000-04-10";0;1;1;1;0;0;0;0;0;0;0;0;2000;NA;NA;NA;4,01273148148148;346,7;21,8285709024633;23,2116388654808;203,754815919476;75,4399341672667;71,7791780161833;-0,188165768274468;1,86190423579663;19,9666666666667;"Künkele, J., Kraus, C., & Trillmich, F. (2005). Does the Unusual Life History of the Precocial Cavy (Cavia magna) Translate into an Exceptional Field Metabolic Rate? Physiological and Biochemical Zoology, 78(1), 48-54. https://doi.org/10.1086/425197"
"174";174;174;7850;"Mammal";"Mammalia";"Rodentia";"Caviidae";"Cavia";"Cavia_magna";466;-34,27;-53,89;12;"23  February  - 10 April 2000";"2000-02-23";"2000-04-10";0;1;1;1;0;0;0;0;0;0;0;0;2000;NA;NA;NA;4,61574074074074;398,8;21,8285709024633;23,2116388654808;203,754815919476;75,4399341672667;71,7791780161833;-0,0497077607266622;1,86190423579663;19,9666666666667;"Künkele, J., Kraus, C., & Trillmich, F. (2005). Does the Unusual Life History of the Precocial Cavy (Cavia magna) Translate into an Exceptional Field Metabolic Rate? Physiological and Biochemical Zoology, 78(1), 48-54. https://doi.org/10.1086/425197"
"175";175;175;7851;"Mammal";"Mammalia";"Rodentia";"Caviidae";"Cavia";"Cavia_magna";467;-34,27;-53,89;12;"23  February  - 10 April 2000";"2000-02-23";"2000-04-10";0;1;1;1;0;0;0;0;0;0;0;0;2000;NA;NA;NA;3,7337962962963;322,6;21,8285709024633;23,2116388654808;203,754815919476;75,4399341672667;71,7791780161833;-0,263293505122123;1,86190423579663;19,9666666666667;"Künkele, J., Kraus, C., & Trillmich, F. (2005). Does the Unusual Life History of the Precocial Cavy (Cavia magna) Translate into an Exceptional Field Metabolic Rate? Physiological and Biochemical Zoology, 78(1), 48-54. https://doi.org/10.1086/425197"
"176";176;176;7852;"Mammal";"Mammalia";"Rodentia";"Caviidae";"Cavia";"Cavia_magna";470;-34,27;-53,89;12;"23  February  - 10 April 2000";"2000-02-23";"2000-04-10";0;1;1;1;0;0;0;0;0;0;0;0;2000;NA;NA;NA;4,21064814814815;363,8;21,8285709024633;23,2116388654808;203,754815919476;75,4399341672667;71,7791780161833;-0,14769932660065;1,86190423579663;19,9666666666667;"Künkele, J., Kraus, C., & Trillmich, F. (2005). Does the Unusual Life History of the Precocial Cavy (Cavia magna) Translate into an Exceptional Field Metabolic Rate? Physiological and Biochemical Zoology, 78(1), 48-54. https://doi.org/10.1086/425197"
"177";177;177;7854;"Mammal";"Mammalia";"Rodentia";"Caviidae";"Cavia";"Cavia_magna";490;-34,27;-53,89;12;"23  February  - 10 April 2000";"2000-02-23";"2000-04-10";0;1;1;1;0;0;0;0;0;0;0;0;2000;NA;NA;NA;4,10532407407407;354,7;21,8285709024633;23,2116388654808;203,754815919476;75,4399341672667;71,7791780161833;-0,202947372575954;1,86190423579663;19,9666666666667;"Künkele, J., Kraus, C., & Trillmich, F. (2005). Does the Unusual Life History of the Precocial Cavy (Cavia magna) Translate into an Exceptional Field Metabolic Rate? Physiological and Biochemical Zoology, 78(1), 48-54. https://doi.org/10.1086/425197"
"178";178;178;7855;"Mammal";"Mammalia";"Rodentia";"Caviidae";"Cavia";"Cavia_magna";492;-34,27;-53,89;12;"23  February  - 10 April 2000";"2000-02-23";"2000-04-10";0;1;1;1;0;0;0;0;0;0;0;0;2000;NA;NA;NA;4,78587962962963;413,5;21,8285709024633;23,2116388654808;203,754815919476;75,4399341672667;71,7791780161833;-0,0524863930289551;1,86190423579663;19,9666666666667;"Künkele, J., Kraus, C., & Trillmich, F. (2005). Does the Unusual Life History of the Precocial Cavy (Cavia magna) Translate into an Exceptional Field Metabolic Rate? Physiological and Biochemical Zoology, 78(1), 48-54. https://doi.org/10.1086/425197"
"179";179;179;7857;"Mammal";"Mammalia";"Rodentia";"Caviidae";"Cavia";"Cavia_magna";550;-34,27;-53,89;12;"23  February  - 10 April 2000";"2000-02-23";"2000-04-10";0;1;1;1;0;0;0;0;0;0;0;0;2000;NA;NA;NA;5,27199074074074;455,5;21,8285709024633;23,2116388654808;203,754815919476;75,4399341672667;71,7791780161833;-0,0357488148111883;1,86190423579663;19,9666666666667;"Künkele, J., Kraus, C., & Trillmich, F. (2005). Does the Unusual Life History of the Precocial Cavy (Cavia magna) Translate into an Exceptional Field Metabolic Rate? Physiological and Biochemical Zoology, 78(1), 48-54. https://doi.org/10.1086/425197"
"180";180;180;7858;"Mammal";"Mammalia";"Rodentia";"Caviidae";"Cavia";"Cavia_magna";560;-34,27;-53,89;12;"23  February  - 10 April 2000";"2000-02-23";"2000-04-10";0;1;1;1;0;0;0;0;0;0;0;0;2000;NA;NA;NA;4,73958333333333;409,5;21,8285709024633;23,2116388654808;203,754815919476;75,4399341672667;71,7791780161833;-0,155142816239842;1,86190423579663;19,9666666666667;"Künkele, J., Kraus, C., & Trillmich, F. (2005). Does the Unusual Life History of the Precocial Cavy (Cavia magna) Translate into an Exceptional Field Metabolic Rate? Physiological and Biochemical Zoology, 78(1), 48-54. https://doi.org/10.1086/425197"
"181";181;181;7859;"Mammal";"Mammalia";"Rodentia";"Caviidae";"Cavia";"Cavia_magna";585;-34,27;-53,89;12;"23  February  - 10 April 2000";"2000-02-23";"2000-04-10";0;1;1;1;0;0;0;0;0;0;0;0;2000;NA;NA;NA;5,69097222222222;491,7;21,8285709024633;23,2116388654808;203,754815919476;75,4399341672667;71,7791780161833;-0,0035645531146635;1,86190423579663;19,9666666666667;"Künkele, J., Kraus, C., & Trillmich, F. (2005). Does the Unusual Life History of the Precocial Cavy (Cavia magna) Translate into an Exceptional Field Metabolic Rate? Physiological and Biochemical Zoology, 78(1), 48-54. https://doi.org/10.1086/425197"
"182";182;182;7860;"Mammal";"Mammalia";"Rodentia";"Caviidae";"Cavia";"Cavia_magna";588;-34,27;-53,89;12;"23  February  - 10 April 2000";"2000-02-23";"2000-04-10";0;1;1;1;0;0;0;0;0;0;0;0;2000;NA;NA;NA;5,875;507,6;21,8285709024633;23,2116388654808;203,754815919476;75,4399341672667;71,7791780161833;0,0245883618737972;1,86190423579663;19,9666666666667;"Künkele, J., Kraus, C., & Trillmich, F. (2005). Does the Unusual Life History of the Precocial Cavy (Cavia magna) Translate into an Exceptional Field Metabolic Rate? Physiological and Biochemical Zoology, 78(1), 48-54. https://doi.org/10.1086/425197"
"183";183;183;8186;"Mammal";"Mammalia";"Chiroptera";"Phyllostomidae";"Phyllostomus";"Phyllostomus_hastatus";70,5;10,69;-61,28;NA;"14 January 1985";"1985-01-14";"1985-01-14";1;0;0;0;0;0;0;0;0;0;0;0;1985;NA;NA;NA;1,60185185185185;138,4;23,035839004;24,2331824204;145,3489119632;93,91912022;88,0118054308;0,247755609040807;-0,864160995999999;23,9;"Kunz, T. H., Robson, S. K., & Nagy, K. A. (1998). Economy of Harem Maintenance in the Greater Spear-Nosed Bat, Phyllostomus hastatus. Journal of Mammalogy, 79(2), 631-642. https://doi.org/10.2307/1382993"
"184";184;184;8188;"Mammal";"Mammalia";"Chiroptera";"Phyllostomidae";"Phyllostomus";"Phyllostomus_hastatus";72;10,69;-61,28;NA;"14 January 1985";"1985-01-14";"1985-01-14";1;0;0;0;0;0;0;0;0;0;0;0;1985;NA;NA;NA;1,69675925925926;146,6;23,035839004;24,2331824204;145,3489119632;93,91912022;88,0118054308;0,290201459962995;-0,864160995999999;23,9;"Kunz, T. H., Robson, S. K., & Nagy, K. A. (1998). Economy of Harem Maintenance in the Greater Spear-Nosed Bat, Phyllostomus hastatus. Journal of Mammalogy, 79(2), 631-642. https://doi.org/10.2307/1382993"
"185";185;185;8192;"Mammal";"Mammalia";"Chiroptera";"Phyllostomidae";"Phyllostomus";"Phyllostomus_hastatus";75,5;10,69;-61,28;NA;"14 January 1985";"1985-01-14";"1985-01-14";1;0;0;0;0;0;0;0;0;0;0;0;1985;NA;NA;NA;1,26736111111111;109,5;23,035839004;24,2331824204;145,3489119632;93,91912022;88,0118054308;-0,0356572247162471;-0,864160995999999;23,9;"Kunz, T. H., Robson, S. K., & Nagy, K. A. (1998). Economy of Harem Maintenance in the Greater Spear-Nosed Bat, Phyllostomus hastatus. Journal of Mammalogy, 79(2), 631-642. https://doi.org/10.2307/1382993"
"186";186;186;8194;"Mammal";"Mammalia";"Chiroptera";"Phyllostomidae";"Phyllostomus";"Phyllostomus_hastatus";77;10,69;-61,28;NA;"14 January 1985";"1985-01-14";"1985-01-14";1;0;0;0;0;0;0;0;0;0;0;0;1985;NA;NA;NA;1,81944444444444;157,2;23,035839004;24,2331824204;145,3489119632;93,91912022;88,0118054308;0,311814351952077;-0,864160995999999;23,9;"Kunz, T. H., Robson, S. K., & Nagy, K. A. (1998). Economy of Harem Maintenance in the Greater Spear-Nosed Bat, Phyllostomus hastatus. Journal of Mammalogy, 79(2), 631-642. https://doi.org/10.2307/1382993"
"187";187;187;8199;"Mammal";"Mammalia";"Chiroptera";"Phyllostomidae";"Phyllostomus";"Phyllostomus_hastatus";82,5;10,69;-61,28;NA;"14 January 1985";"1985-01-14";"1985-01-14";1;0;0;0;0;0;0;0;0;0;0;0;1985;NA;NA;NA;2,02546296296296;175;23,035839004;24,2331824204;145,3489119632;93,91912022;88,0118054308;0,369552600954222;-0,864160995999999;23,9;"Kunz, T. H., Robson, S. K., & Nagy, K. A. (1998). Economy of Harem Maintenance in the Greater Spear-Nosed Bat, Phyllostomus hastatus. Journal of Mammalogy, 79(2), 631-642. https://doi.org/10.2307/1382993"
"188";188;188;8201;"Mammal";"Mammalia";"Chiroptera";"Phyllostomidae";"Phyllostomus";"Phyllostomus_hastatus";91,3;10,69;-61,28;NA;"14 January 1987";"1987-01-14";"1987-01-14";1;0;0;0;0;0;0;0;0;0;0;0;1987;NA;NA;NA;1,46759259259259;126,8;23,1963179748;25,2465568516;143,5792331204;93,5620082532;84,0131532664;-0,025381615554824;-0,703682025199999;23,9;"Kunz, T. H., Robson, S. K., & Nagy, K. A. (1998). Economy of Harem Maintenance in the Greater Spear-Nosed Bat, Phyllostomus hastatus. Journal of Mammalogy, 79(2), 631-642. https://doi.org/10.2307/1382993"
"189";189;189;8185;"Mammal";"Mammalia";"Chiroptera";"Phyllostomidae";"Phyllostomus";"Phyllostomus_hastatus";70,3;10,69;-61,28;NA;"7 January 1987";"1987-01-07";"1987-01-07";1;0;0;0;0;0;0;0;0;0;0;0;1987;NA;NA;NA;1,87731481481481;162,2;23,71932719;26,4958662648;227,3206108556;92,9650462756;80,9939940468;0,408477150707318;-0,180672809999997;23,9;"Kunz, T. H., Robson, S. K., & Nagy, K. A. (1998). Economy of Harem Maintenance in the Greater Spear-Nosed Bat, Phyllostomus hastatus. Journal of Mammalogy, 79(2), 631-642. https://doi.org/10.2307/1382993"
"190";190;190;8193;"Mammal";"Mammalia";"Chiroptera";"Phyllostomidae";"Phyllostomus";"Phyllostomus_hastatus";75,8;10,69;-61,28;NA;"7 January 1987";"1987-01-07";"1987-01-07";1;0;0;0;0;0;0;0;0;0;0;0;1987;NA;NA;NA;1,36805555555556;118,2;23,71932719;26,4958662648;227,3206108556;92,9650462756;80,9939940468;0,037949466015511;-0,180672809999997;23,9;"Kunz, T. H., Robson, S. K., & Nagy, K. A. (1998). Economy of Harem Maintenance in the Greater Spear-Nosed Bat, Phyllostomus hastatus. Journal of Mammalogy, 79(2), 631-642. https://doi.org/10.2307/1382993"
"191";191;191;8197;"Mammal";"Mammalia";"Chiroptera";"Phyllostomidae";"Phyllostomus";"Phyllostomus_hastatus";80,8;10,69;-61,28;NA;"7 January 1987";"1987-01-07";"1987-01-07";1;0;0;0;0;0;0;0;0;0;0;0;1987;NA;NA;NA;2,93865740740741;253,9;23,71932719;26,4958662648;227,3206108556;92,9650462756;80,9939940468;0,756654403688806;-0,180672809999997;23,9;"Kunz, T. H., Robson, S. K., & Nagy, K. A. (1998). Economy of Harem Maintenance in the Greater Spear-Nosed Bat, Phyllostomus hastatus. Journal of Mammalogy, 79(2), 631-642. https://doi.org/10.2307/1382993"
"192";192;192;8198;"Mammal";"Mammalia";"Chiroptera";"Phyllostomidae";"Phyllostomus";"Phyllostomus_hastatus";81,5;10,69;-61,28;NA;"7 January 1987";"1987-01-07";"1987-01-07";1;0;0;0;0;0;0;0;0;0;0;0;1987;NA;NA;NA;1,54282407407407;133,3;23,71932719;26,4958662648;227,3206108556;92,9650462756;80,9939940468;0,106123639700874;-0,180672809999997;23,9;"Kunz, T. H., Robson, S. K., & Nagy, K. A. (1998). Economy of Harem Maintenance in the Greater Spear-Nosed Bat, Phyllostomus hastatus. Journal of Mammalogy, 79(2), 631-642. https://doi.org/10.2307/1382993"
"193";193;193;8156;"Mammal";"Mammalia";"Diprotodontia";"Macropodidae";"Petrogale";"Petrogale_lateralis";2205;-20,75;115,383333333333;4;"18 November - 2 december 1993";"1993-11-18";"1993-12-02";0;0;0;0;0;0;0;0;0;0;1;1;1993;NA;NA;NA;7,06018518518519;610;26,21665305;32,26789359;337,9735302;72,41386115;57,07914122;-0,740513141983115;-2,18334695;28,4;"Nagy, K. A., & Bradshaw, S. D. (2000). Scaling of Energy and Water Fluxes in Free-Living Arid-Zone Australian Marsupials. Journal of Mammalogy, 81(4), 962-970. https://doi.org/10.1644/1545-1542(2000)081<0962:SOEAWF>2.0.CO;2"
"194";194;194;8160;"Mammal";"Mammalia";"Diprotodontia";"Phascolarctidae";"Phascolarctos";"Phascolarctos_cinereus";7066,666667;-34,89;138,61;67;"August - September 1979";"1979-08-01";"1979-09-30";0;0;0;0;0;0;0;1;1;0;0;0;1979;NA;NA;NA;20,8270740740741;1799,4592;11,39883685;11,93487461;162,4441831;74,14668147;72,23564961;-0,494821850282798;-1,05116315;12,45;"Nagy, K., & Martin, R. (1985). Field Metabolic Rate, Water Flux, Food Consumption and Time Budget of Koalas, Phascolarctos Cinereus (Marsupialia: Phascolarctidae) in Victoria. Australian Journal of Zoology, 33(5), 655. https://doi.org/10.1071/ZO9850655"
"195";195;195;8163;"Mammal";"Mammalia";"Diprotodontia";"Phascolarctidae";"Phascolarctos";"Phascolarctos_cinereus";7833,333333;-34,89;138,61;67;"August - September 1979";"1979-08-01";"1979-09-30";0;0;0;0;0;0;0;1;1;0;0;0;1979;NA;NA;NA;29,5329444444444;2551,6464;11,39883685;11,93487461;162,4441831;74,14668147;72,23564961;-0,219510683470496;-1,05116315;12,45;"Nagy, K., & Martin, R. (1985). Field Metabolic Rate, Water Flux, Food Consumption and Time Budget of Koalas, Phascolarctos Cinereus (Marsupialia: Phascolarctidae) in Victoria. Australian Journal of Zoology, 33(5), 655. https://doi.org/10.1071/ZO9850655"
"196";196;196;8165;"Mammal";"Mammalia";"Diprotodontia";"Phascolarctidae";"Phascolarctos";"Phascolarctos_cinereus";8566,666667;-34,89;138,61;67;"August - September 1979";"1979-08-01";"1979-09-30";0;0;0;0;0;0;0;1;1;0;0;0;1979;NA;NA;NA;20,7160555555556;1789,8672;11,39883685;11,93487461;162,4441831;74,14668147;72,23564961;-0,638351859535284;-1,05116315;12,45;"Nagy, K., & Martin, R. (1985). Field Metabolic Rate, Water Flux, Food Consumption and Time Budget of Koalas, Phascolarctos Cinereus (Marsupialia: Phascolarctidae) in Victoria. Australian Journal of Zoology, 33(5), 655. https://doi.org/10.1071/ZO9850655"
"197";197;197;8168;"Mammal";"Mammalia";"Diprotodontia";"Phascolarctidae";"Phascolarctos";"Phascolarctos_cinereus";10100;-34,89;138,61;67;"August - September 1979";"1979-08-01";"1979-09-30";0;0;0;0;0;0;0;1;1;0;0;0;1979;NA;NA;NA;23,66935;2045,03184;11,39883685;11,93487461;162,4441831;74,14668147;72,23564961;-0,623284272572898;-1,05116315;12,45;"Nagy, K., & Martin, R. (1985). Field Metabolic Rate, Water Flux, Food Consumption and Time Budget of Koalas, Phascolarctos Cinereus (Marsupialia: Phascolarctidae) in Victoria. Australian Journal of Zoology, 33(5), 655. https://doi.org/10.1071/ZO9850655"
"198";198;198;8169;"Mammal";"Mammalia";"Diprotodontia";"Phascolarctidae";"Phascolarctos";"Phascolarctos_cinereus";10400;-34,89;138,61;67;"August - September 1979";"1979-08-01";"1979-09-30";0;0;0;0;0;0;0;1;1;0;0;0;1979;NA;NA;NA;20,8876296296296;1804,6912;11,39883685;11,93487461;162,4441831;74,14668147;72,23564961;-0,769320859672346;-1,05116315;12,45;"Nagy, K., & Martin, R. (1985). Field Metabolic Rate, Water Flux, Food Consumption and Time Budget of Koalas, Phascolarctos Cinereus (Marsupialia: Phascolarctidae) in Victoria. Australian Journal of Zoology, 33(5), 655. https://doi.org/10.1071/ZO9850655"
"199";199;199;8170;"Mammal";"Mammalia";"Diprotodontia";"Phascolarctidae";"Phascolarctos";"Phascolarctos_cinereus";11666,66667;-34,89;138,61;67;"August - September 1979";"1979-08-01";"1979-09-30";0;0;0;0;0;0;0;1;1;0;0;0;1979;NA;NA;NA;25,6860518518519;2219,27488;11,39883685;11,93487461;162,4441831;74,14668147;72,23564961;-0,645036172972825;-1,05116315;12,45;"Nagy, K., & Martin, R. (1985). Field Metabolic Rate, Water Flux, Food Consumption and Time Budget of Koalas, Phascolarctos Cinereus (Marsupialia: Phascolarctidae) in Victoria. Australian Journal of Zoology, 33(5), 655. https://doi.org/10.1071/ZO9850655"
"200";200;200;7752;"Mammal";"Mammalia";"Primates";"Atelidae";"Alouatta";"Alouatta_palliata";3200;9,1;-79,8;77;"January - February 1977";"1977-01-01";"1977-02-28";1;1;0;0;0;0;0;0;0;0;0;0;1977;NA;NA;NA;12,8518518518519;1110,4;25,42084466;27,00711184;244,8767256;85,43060393;78,74781486;-0,408853056820836;-0,529155339999999;25,95;"Nagy, K. A., & Milton, K. (1979). Energy Metabolism and Food Consumption by Wild Howler Monkeys (Alouatta Palliata). Ecology, 60(3), 475-480. https://doi.org/10.2307/1936066"
"201";201;201;7753;"Mammal";"Mammalia";"Primates";"Atelidae";"Alouatta";"Alouatta_palliata";5800;9,1;-79,8;77;"January - February 1977";"1977-01-01";"1977-02-28";1;1;0;0;0;0;0;0;0;0;0;0;1977;NA;NA;NA;27,7916666666667;2401,2;25,42084466;27,00711184;244,8767256;85,43060393;78,74781486;-0,064535182663155;-0,529155339999999;25,95;"Nagy, K. A., & Milton, K. (1979). Energy Metabolism and Food Consumption by Wild Howler Monkeys (Alouatta Palliata). Ecology, 60(3), 475-480. https://doi.org/10.2307/1936066"
"202";202;202;7754;"Mammal";"Mammalia";"Primates";"Atelidae";"Alouatta";"Alouatta_palliata";6250;9,1;-79,8;77;"January - February 1977";"1977-01-01";"1977-02-28";1;1;0;0;0;0;0;0;0;0;0;0;1977;NA;NA;NA;29,296875;2531,25;25,42084466;27,00711184;244,8767256;85,43060393;78,74781486;-0,0654333450018158;-0,529155339999999;25,95;"Nagy, K. A., & Milton, K. (1979). Energy Metabolism and Food Consumption by Wild Howler Monkeys (Alouatta Palliata). Ecology, 60(3), 475-480. https://doi.org/10.2307/1936066"
"203";203;203;7755;"Mammal";"Mammalia";"Primates";"Atelidae";"Alouatta";"Alouatta_palliata";6700;9,1;-79,8;77;"January - February 1977";"1977-01-01";"1977-02-28";1;1;0;0;0;0;0;0;0;0;0;0;1977;NA;NA;NA;22,255787037037;1922,9;25,42084466;27,00711184;244,8767256;85,43060393;78,74781486;-0,390223747770396;-0,529155339999999;25,95;"Nagy, K. A., & Milton, K. (1979). Energy Metabolism and Food Consumption by Wild Howler Monkeys (Alouatta Palliata). Ecology, 60(3), 475-480. https://doi.org/10.2307/1936066"
"204";204;204;7756;"Mammal";"Mammalia";"Primates";"Atelidae";"Alouatta";"Alouatta_palliata";7400;9,1;-79,8;77;"January - February 1977";"1977-01-01";"1977-02-28";1;1;0;0;0;0;0;0;0;0;0;0;1977;NA;NA;NA;28,349537037037;2449,4;25,42084466;27,00711184;244,8767256;85,43060393;78,74781486;-0,219552974894869;-0,529155339999999;25,95;"Nagy, K. A., & Milton, K. (1979). Energy Metabolism and Food Consumption by Wild Howler Monkeys (Alouatta Palliata). Ecology, 60(3), 475-480. https://doi.org/10.2307/1936066"
"205";205;205;7757;"Mammal";"Mammalia";"Primates";"Atelidae";"Alouatta";"Alouatta_palliata";9430;9,1;-79,8;77;"January - February 1977";"1977-01-01";"1977-02-28";1;1;0;0;0;0;0;0;0;0;0;0;1977;NA;NA;NA;38,091087962963;3291,07;25,42084466;27,00711184;244,8767256;85,43060393;78,74781486;-0,0982098504499332;-0,529155339999999;25,95;"Nagy, K. A., & Milton, K. (1979). Energy Metabolism and Food Consumption by Wild Howler Monkeys (Alouatta Palliata). Ecology, 60(3), 475-480. https://doi.org/10.2307/1936066"
"206";206;206;7818;"Mammal";"Mammalia";"Pilosa";"Bradypodidae";"Bradypus";"Bradypus_variegatus";3666,666667;9,1;-79,8;77;"January - February 1977";"1977-01-01";"1977-02-28";1;1;0;0;0;0;0;0;0;0;0;0;1977;NA;NA;NA;6,86207561689815;592,8833333;25,42084466;27,00711184;244,8767256;85,43060393;78,74781486;-1,1340580502741;-0,529155339999999;25,95;"Nagy, K. A., & Montgomery, G. G. (1980). Field Metabolic Rate, Water Flux, and Food Consumption in Three-Toed Sloths (Bradypus variegatus). Journal of Mammalogy, 61(3), 465-472. https://doi.org/10.2307/1379840"
"207";207;207;7819;"Mammal";"Mammalia";"Pilosa";"Bradypodidae";"Bradypus";"Bradypus_variegatus";3993,333333;9,1;-79,8;77;"January - February 1977";"1977-01-01";"1977-02-28";1;1;0;0;0;0;0;0;0;0;0;0;1977;NA;NA;NA;6,78317901273148;586,0666667;25,42084466;27,00711184;244,8767256;85,43060393;78,74781486;-1,20688870344473;-0,529155339999999;25,95;"Nagy, K. A., & Montgomery, G. G. (1980). Field Metabolic Rate, Water Flux, and Food Consumption in Three-Toed Sloths (Bradypus variegatus). Journal of Mammalogy, 61(3), 465-472. https://doi.org/10.2307/1379840"
"208";208;208;7820;"Mammal";"Mammalia";"Pilosa";"Bradypodidae";"Bradypus";"Bradypus_variegatus";4216,666667;9,1;-79,8;77;"January - February 1977";"1977-01-01";"1977-02-28";1;1;0;0;0;0;0;0;0;0;0;0;1977;NA;NA;NA;5,66030092592593;489,05;25,42084466;27,00711184;244,8767256;85,43060393;78,74781486;-1,42692375049111;-0,529155339999999;25,95;"Nagy, K. A., & Montgomery, G. G. (1980). Field Metabolic Rate, Water Flux, and Food Consumption in Three-Toed Sloths (Bradypus variegatus). Journal of Mammalogy, 61(3), 465-472. https://doi.org/10.2307/1379840"
"209";209;209;7821;"Mammal";"Mammalia";"Pilosa";"Bradypodidae";"Bradypus";"Bradypus_variegatus";4400;9,1;-79,8;77;"January - February 1977";"1977-01-01";"1977-02-28";1;1;0;0;0;0;0;0;0;0;0;0;1977;NA;NA;NA;8,35185185185185;721,6;25,42084466;27,00711184;244,8767256;85,43060393;78,74781486;-1,0684703609156;-0,529155339999999;25,95;"Nagy, K. A., & Montgomery, G. G. (1980). Field Metabolic Rate, Water Flux, and Food Consumption in Three-Toed Sloths (Bradypus variegatus). Journal of Mammalogy, 61(3), 465-472. https://doi.org/10.2307/1379840"
"210";210;210;7822;"Mammal";"Mammalia";"Pilosa";"Bradypodidae";"Bradypus";"Bradypus_variegatus";4550;9,1;-79,8;77;"January - February 1977";"1977-01-01";"1977-02-28";1;1;0;0;0;0;0;0;0;0;0;0;1977;NA;NA;NA;8,9525462962963;773,5;25,42084466;27,00711184;244,8767256;85,43060393;78,74781486;-1,02308104756285;-0,529155339999999;25,95;"Nagy, K. A., & Montgomery, G. G. (1980). Field Metabolic Rate, Water Flux, and Food Consumption in Three-Toed Sloths (Bradypus variegatus). Journal of Mammalogy, 61(3), 465-472. https://doi.org/10.2307/1379840"
"211";211;211;7977;"Mammal";"Mammalia";"Diprotodontia";"Macropodidae";"Macropus";"Macropus_eugenii";3250;-32;115,5;NA;"15 - 28 January 1980";"1980-01-15";"1980-01-28";1;0;0;0;0;0;0;0;0;0;0;0;1980;NA;NA;NA;10,8159722222222;934,5;29,60802666;33,4953173;357,6645106;33,8031759;29,8877319;-0,592447219567943;NA;NA;"Nagy, K., Bradley, A., & Morris, K. (1990). Field Metabolic Rates, Water Fluxes, and Feeding Rates of Quokkas, Setonix-Brachyurus, and Tammars, Macropus-Eugenii, in Western-Australia. Australian Journal of Zoology, 37, 553-560. https://doi.org/10.1071/ZO9890553"
"212";212;212;7978;"Mammal";"Mammalia";"Diprotodontia";"Macropodidae";"Macropus";"Macropus_eugenii";3405;-32;115,5;NA;"15 - 28 January 1980";"1980-01-15";"1980-01-28";1;0;0;0;0;0;0;0;0;0;0;0;1980;NA;NA;NA;11,5046296296296;994;29,60802666;33,4953173;357,6645106;33,8031759;29,8877319;-0,564167791925411;NA;NA;"Nagy, K., Bradley, A., & Morris, K. (1990). Field Metabolic Rates, Water Fluxes, and Feeding Rates of Quokkas, Setonix-Brachyurus, and Tammars, Macropus-Eugenii, in Western-Australia. Australian Journal of Zoology, 37, 553-560. https://doi.org/10.1071/ZO9890553"
"213";213;213;7979;"Mammal";"Mammalia";"Diprotodontia";"Macropodidae";"Macropus";"Macropus_eugenii";5290;-32;115,5;NA;"15 - 28 January 1980";"1980-01-15";"1980-01-28";1;0;0;0;0;0;0;0;0;0;0;0;1980;NA;NA;NA;16,087962962963;1390;29,60802666;33,4953173;357,6645106;33,8031759;29,8877319;-0,545126285111896;NA;NA;"Nagy, K., Bradley, A., & Morris, K. (1990). Field Metabolic Rates, Water Fluxes, and Feeding Rates of Quokkas, Setonix-Brachyurus, and Tammars, Macropus-Eugenii, in Western-Australia. Australian Journal of Zoology, 37, 553-560. https://doi.org/10.1071/ZO9890553"
"214";214;214;7980;"Mammal";"Mammalia";"Diprotodontia";"Macropodidae";"Macropus";"Macropus_eugenii";5730;-32;115,5;NA;"15 - 28 January 1980";"1980-01-15";"1980-01-28";1;0;0;0;0;0;0;0;0;0;0;0;1980;NA;NA;NA;14,6990740740741;1270;29,60802666;33,4953173;357,6645106;33,8031759;29,8877319;-0,69277007528261;NA;NA;"Nagy, K., Bradley, A., & Morris, K. (1990). Field Metabolic Rates, Water Fluxes, and Feeding Rates of Quokkas, Setonix-Brachyurus, and Tammars, Macropus-Eugenii, in Western-Australia. Australian Journal of Zoology, 37, 553-560. https://doi.org/10.1071/ZO9890553"
"215";215;215;7981;"Mammal";"Mammalia";"Diprotodontia";"Macropodidae";"Macropus";"Macropus_eugenii";6350;-32;115,5;NA;"15 - 28 January 1980";"1980-01-15";"1980-01-28";1;0;0;0;0;0;0;0;0;0;0;0;1980;NA;NA;NA;17,7083333333333;1530;29,60802666;33,4953173;357,6645106;33,8031759;29,8877319;-0,580274077118963;NA;NA;"Nagy, K., Bradley, A., & Morris, K. (1990). Field Metabolic Rates, Water Fluxes, and Feeding Rates of Quokkas, Setonix-Brachyurus, and Tammars, Macropus-Eugenii, in Western-Australia. Australian Journal of Zoology, 37, 553-560. https://doi.org/10.1071/ZO9890553"
"216";216;216;8237;"Mammal";"Mammalia";"Diprotodontia";"Macropodidae";"Setonix";"Setonix_brachyurus";1460;-32;115,5;NA;"15 - 28 January 1980";"1980-01-15";"1980-01-28";1;0;0;0;0;0;0;0;0;0;0;0;1980;NA;NA;NA;5,04050925925926;435,5;29,60802666;33,4953173;357,6645106;33,8031759;29,8877319;-0,781500339037736;NA;NA;"Nagy, K., Bradley, A., & Morris, K. (1990). Field Metabolic Rates, Water Fluxes, and Feeding Rates of Quokkas, Setonix-Brachyurus, and Tammars, Macropus-Eugenii, in Western-Australia. Australian Journal of Zoology, 37, 553-560. https://doi.org/10.1071/ZO9890553"
"217";217;217;8238;"Mammal";"Mammalia";"Diprotodontia";"Macropodidae";"Setonix";"Setonix_brachyurus";1500;-32;115,5;NA;"15 - 28 January 1980";"1980-01-15";"1980-01-28";1;0;0;0;0;0;0;0;0;0;0;0;1980;NA;NA;NA;5,21990740740741;451;29,60802666;33,4953173;357,6645106;33,8031759;29,8877319;-0,765931234101919;NA;NA;"Nagy, K., Bradley, A., & Morris, K. (1990). Field Metabolic Rates, Water Fluxes, and Feeding Rates of Quokkas, Setonix-Brachyurus, and Tammars, Macropus-Eugenii, in Western-Australia. Australian Journal of Zoology, 37, 553-560. https://doi.org/10.1071/ZO9890553"
"218";218;218;8239;"Mammal";"Mammalia";"Diprotodontia";"Macropodidae";"Setonix";"Setonix_brachyurus";1610;-32;115,5;NA;"15 - 28 January 1980";"1980-01-15";"1980-01-28";1;0;0;0;0;0;0;0;0;0;0;0;1980;NA;NA;NA;7,28009259259259;629;29,60802666;33,4953173;357,6645106;33,8031759;29,8877319;-0,484071266095642;NA;NA;"Nagy, K., Bradley, A., & Morris, K. (1990). Field Metabolic Rates, Water Fluxes, and Feeding Rates of Quokkas, Setonix-Brachyurus, and Tammars, Macropus-Eugenii, in Western-Australia. Australian Journal of Zoology, 37, 553-560. https://doi.org/10.1071/ZO9890553"
"219";219;219;8240;"Mammal";"Mammalia";"Diprotodontia";"Macropodidae";"Setonix";"Setonix_brachyurus";2225;-32;115,5;NA;"15 - 28 January 1980";"1980-01-15";"1980-01-28";1;0;0;0;0;0;0;0;0;0;0;0;1980;NA;NA;NA;8,31597222222222;718,5;29,60802666;33,4953173;357,6645106;33,8031759;29,8877319;-0,583288455843655;NA;NA;"Nagy, K., Bradley, A., & Morris, K. (1990). Field Metabolic Rates, Water Fluxes, and Feeding Rates of Quokkas, Setonix-Brachyurus, and Tammars, Macropus-Eugenii, in Western-Australia. Australian Journal of Zoology, 37, 553-560. https://doi.org/10.1071/ZO9890553"
"220";220;220;8241;"Mammal";"Mammalia";"Diprotodontia";"Macropodidae";"Setonix";"Setonix_brachyurus";2830;-32;115,5;NA;"15 - 28 January 1980";"1980-01-15";"1980-01-28";1;0;0;0;0;0;0;0;0;0;0;0;1980;NA;NA;NA;5,15046296296296;445;29,60802666;33,4953173;357,6645106;33,8031759;29,8877319;-1,23504507522132;NA;NA;"Nagy, K., Bradley, A., & Morris, K. (1990). Field Metabolic Rates, Water Fluxes, and Feeding Rates of Quokkas, Setonix-Brachyurus, and Tammars, Macropus-Eugenii, in Western-Australia. Australian Journal of Zoology, 37, 553-560. https://doi.org/10.1071/ZO9890553"
"221";221;221;7906;"Mammal";"Mammalia";"Peramelemorphia";"Peramelidae";"Isoodon";"Isoodon_obesulus";775;-32,1;115,8;21;"14 - 20 April 1980";"1980-04-14";"1980-04-20";0;0;0;1;0;0;0;0;0;0;0;0;1980;NA;NA;NA;7,58101851851852;655;15,76608728;17,27813279;162,6276788;72,24928096;68,56320087;0,0812963215631054;-3,43391272;19,2;"Nagy, K. A., Bradshaw, S. D., & Clay, B. T. (1991). Field Metabolic-Rate, Water Flux, and Food-Requirements of Short-Nosed Bandicoots, Isoodon-Obesulus (Marsupialia, Peramelidae). Australian Journal of Zoology, 39(3), 299-305. https://doi.org/10.1071/zo9910299"
"222";222;222;7907;"Mammal";"Mammalia";"Peramelemorphia";"Peramelidae";"Isoodon";"Isoodon_obesulus";835;-32,1;115,8;21;"14 - 20 April 1980";"1980-04-14";"1980-04-20";0;0;0;1;0;0;0;0;0;0;0;0;1980;NA;NA;NA;4,40972222222222;381;15,76608728;17,27813279;162,6276788;72,24928096;68,56320087;-0,514071175997953;-3,43391272;19,2;"Nagy, K. A., Bradshaw, S. D., & Clay, B. T. (1991). Field Metabolic-Rate, Water Flux, and Food-Requirements of Short-Nosed Bandicoots, Isoodon-Obesulus (Marsupialia, Peramelidae). Australian Journal of Zoology, 39(3), 299-305. https://doi.org/10.1071/zo9910299"
"223";223;223;7908;"Mammal";"Mammalia";"Peramelemorphia";"Peramelidae";"Isoodon";"Isoodon_obesulus";1110;-32,1;115,8;21;"14 - 20 April 1980";"1980-04-14";"1980-04-20";0;0;0;1;0;0;0;0;0;0;0;0;1980;NA;NA;NA;6,59336419791667;569,6666667;15,76608728;17,27813279;162,6276788;72,24928096;68,56320087;-0,316188797434151;-3,43391272;19,2;"Nagy, K. A., Bradshaw, S. D., & Clay, B. T. (1991). Field Metabolic-Rate, Water Flux, and Food-Requirements of Short-Nosed Bandicoots, Isoodon-Obesulus (Marsupialia, Peramelidae). Australian Journal of Zoology, 39(3), 299-305. https://doi.org/10.1071/zo9910299"
"224";224;224;7909;"Mammal";"Mammalia";"Peramelemorphia";"Peramelidae";"Isoodon";"Isoodon_obesulus";1137,5;-32,1;115,8;21;"14 - 20 April 1980";"1980-04-14";"1980-04-20";0;0;0;1;0;0;0;0;0;0;0;0;1980;NA;NA;NA;5,97222222222222;516;15,76608728;17,27813279;162,6276788;72,24928096;68,56320087;-0,432702086659194;-3,43391272;19,2;"Nagy, K. A., Bradshaw, S. D., & Clay, B. T. (1991). Field Metabolic-Rate, Water Flux, and Food-Requirements of Short-Nosed Bandicoots, Isoodon-Obesulus (Marsupialia, Peramelidae). Australian Journal of Zoology, 39(3), 299-305. https://doi.org/10.1071/zo9910299"
"225";225;225;7910;"Mammal";"Mammalia";"Peramelemorphia";"Peramelidae";"Isoodon";"Isoodon_obesulus";1300;-32,1;115,8;21;"14 - 20 April 1980";"1980-04-14";"1980-04-20";0;0;0;1;0;0;0;0;0;0;0;0;1980;NA;NA;NA;5,53240740740741;478;15,76608728;17,27813279;162,6276788;72,24928096;68,56320087;-0,605058104826737;-3,43391272;19,2;"Nagy, K. A., Bradshaw, S. D., & Clay, B. T. (1991). Field Metabolic-Rate, Water Flux, and Food-Requirements of Short-Nosed Bandicoots, Isoodon-Obesulus (Marsupialia, Peramelidae). Australian Journal of Zoology, 39(3), 299-305. https://doi.org/10.1071/zo9910299"
"226";226;226;7911;"Mammal";"Mammalia";"Peramelemorphia";"Peramelidae";"Isoodon";"Isoodon_obesulus";1362,5;-32,1;115,8;21;"14 - 20 April 1980";"1980-04-14";"1980-04-20";0;0;0;1;0;0;0;0;0;0;0;0;1980;NA;NA;NA;10,6944444444444;924;15,76608728;17,27813279;162,6276788;72,24928096;68,56320087;0,0203335903641262;-3,43391272;19,2;"Nagy, K. A., Bradshaw, S. D., & Clay, B. T. (1991). Field Metabolic-Rate, Water Flux, and Food-Requirements of Short-Nosed Bandicoots, Isoodon-Obesulus (Marsupialia, Peramelidae). Australian Journal of Zoology, 39(3), 299-305. https://doi.org/10.1071/zo9910299"
"227";227;227;7912;"Mammal";"Mammalia";"Peramelemorphia";"Peramelidae";"Isoodon";"Isoodon_obesulus";1460;-32,1;115,8;21;"14 - 20 April 1980";"1980-04-14";"1980-04-20";0;0;0;1;0;0;0;0;0;0;0;0;1980;NA;NA;NA;6,88078703703704;594,5;15,76608728;17,27813279;162,6276788;72,24928096;68,56320087;-0,470274419199457;-3,43391272;19,2;"Nagy, K. A., Bradshaw, S. D., & Clay, B. T. (1991). Field Metabolic-Rate, Water Flux, and Food-Requirements of Short-Nosed Bandicoots, Isoodon-Obesulus (Marsupialia, Peramelidae). Australian Journal of Zoology, 39(3), 299-305. https://doi.org/10.1071/zo9910299"
"228";228;228;7913;"Mammal";"Mammalia";"Peramelemorphia";"Peramelidae";"Isoodon";"Isoodon_obesulus";1825;-32,1;115,8;21;"14 - 20 April 1980";"1980-04-14";"1980-04-20";0;0;0;1;0;0;0;0;0;0;0;0;1980;NA;NA;NA;12,5;1080;15,76608728;17,27813279;162,6276788;72,24928096;68,56320087;-0,0334698916397916;-3,43391272;19,2;"Nagy, K. A., Bradshaw, S. D., & Clay, B. T. (1991). Field Metabolic-Rate, Water Flux, and Food-Requirements of Short-Nosed Bandicoots, Isoodon-Obesulus (Marsupialia, Peramelidae). Australian Journal of Zoology, 39(3), 299-305. https://doi.org/10.1071/zo9910299"
"229";229;229;8107;"Mammal";"Mammalia";"Diprotodontia";"Petauridae";"Petaurus";"Petaurus_breviceps";98;-38;143;NA;"11-15 September 1979";"1979-09-11";"1979-09-15";0;0;0;0;0;0;0;0;1;0;0;0;1979;NA;NA;NA;1,58564814814815;137;11,04796588;11,32920389;185,0146525;72,7070854;71,06863963;0,00115013333556695;0,44796588;10,6;"Nagy,  KA, & Suckling,  GC. (1985). Field Energetics and Water Balance of Sugar Gliders, Petaurus Breviceps (Marsupialia:Petauridae). Australian Journal of Zoology, 33(5), 683. doi:10.1071/zo9850683 "
"230";230;230;8108;"Mammal";"Mammalia";"Diprotodontia";"Petauridae";"Petaurus";"Petaurus_breviceps";98;-38;143;NA;"11-15 September 1980";"1980-09-11";"1980-09-15";0;0;0;0;0;0;0;0;1;0;0;0;1980;NA;NA;NA;1,66666666666667;144;10,97078487;10,9913118;170,0928176;67,69001252;67,91033979;0,0509825070834428;0,37078487;10,6;"Nagy,  KA, & Suckling,  GC. (1985). Field Energetics and Water Balance of Sugar Gliders, Petaurus Breviceps (Marsupialia:Petauridae). Australian Journal of Zoology, 33(5), 683. doi:10.1071/zo9850683 "
"231";231;231;8110;"Mammal";"Mammalia";"Diprotodontia";"Petauridae";"Petaurus";"Petaurus_breviceps";104;-38;143;NA;"11-15 September 1980";"1980-09-11";"1980-09-15";0;0;0;0;0;0;0;0;1;0;0;0;1980;NA;NA;NA;1,97916666666667;171;10,97078487;10,9913118;170,0928176;67,69001252;67,91033979;0,180173670192808;0,37078487;10,6;"Nagy,  KA, & Suckling,  GC. (1985). Field Energetics and Water Balance of Sugar Gliders, Petaurus Breviceps (Marsupialia:Petauridae). Australian Journal of Zoology, 33(5), 683. doi:10.1071/zo9850683 "
"232";232;232;8112;"Mammal";"Mammalia";"Diprotodontia";"Petauridae";"Petaurus";"Petaurus_breviceps";106;-38;143;NA;"11-15 September 1980";"1980-09-11";"1980-09-15";0;0;0;0;0;0;0;0;1;0;0;0;1980;NA;NA;NA;2,12962962962963;184;10,97078487;10,9913118;170,0928176;67,69001252;67,91033979;0,2397714861852;0,37078487;10,6;"Nagy,  KA, & Suckling,  GC. (1985). Field Energetics and Water Balance of Sugar Gliders, Petaurus Breviceps (Marsupialia:Petauridae). Australian Journal of Zoology, 33(5), 683. doi:10.1071/zo9850683 "
"233";233;233;8115;"Mammal";"Mammalia";"Diprotodontia";"Petauridae";"Petaurus";"Petaurus_breviceps";108;-38;143;NA;"11-15 September 1980";"1980-09-11";"1980-09-15";0;0;0;0;0;0;0;0;1;0;0;0;1980;NA;NA;NA;1,70138888888889;147;10,97078487;10,9913118;170,0928176;67,69001252;67,91033979;0,00184954125051077;0,37078487;10,6;"Nagy,  KA, & Suckling,  GC. (1985). Field Energetics and Water Balance of Sugar Gliders, Petaurus Breviceps (Marsupialia:Petauridae). Australian Journal of Zoology, 33(5), 683. doi:10.1071/zo9850683 "
"234";234;234;8118;"Mammal";"Mammalia";"Diprotodontia";"Petauridae";"Petaurus";"Petaurus_breviceps";110;-38;143;NA;"11-15 September 1980";"1980-09-11";"1980-09-15";0;0;0;0;0;0;0;0;1;0;0;0;1980;NA;NA;NA;2,16435185185185;187;10,97078487;10,9913118;170,0928176;67,69001252;67,91033979;0,229353027206358;0,37078487;10,6;"Nagy,  KA, & Suckling,  GC. (1985). Field Energetics and Water Balance of Sugar Gliders, Petaurus Breviceps (Marsupialia:Petauridae). Australian Journal of Zoology, 33(5), 683. doi:10.1071/zo9850683 "
"235";235;235;8122;"Mammal";"Mammalia";"Diprotodontia";"Petauridae";"Petaurus";"Petaurus_breviceps";114;-38;143;NA;"11-15 September 1980";"1980-09-11";"1980-09-15";0;0;0;0;0;0;0;0;1;0;0;0;1980;NA;NA;NA;1,80555555555556;156;10,97078487;10,9913118;170,0928176;67,69001252;67,91033979;0,0224589950001861;0,37078487;10,6;"Nagy,  KA, & Suckling,  GC. (1985). Field Energetics and Water Balance of Sugar Gliders, Petaurus Breviceps (Marsupialia:Petauridae). Australian Journal of Zoology, 33(5), 683. doi:10.1071/zo9850683 "
"236";236;236;8125;"Mammal";"Mammalia";"Diprotodontia";"Petauridae";"Petaurus";"Petaurus_breviceps";116;-38;143;NA;"11-15 September 1980";"1980-09-11";"1980-09-15";0;0;0;0;0;0;0;0;1;0;0;0;1980;NA;NA;NA;1,74768518518519;151;10,97078487;10,9913118;170,0928176;67,69001252;67,91033979;-0,0226024207823687;0,37078487;10,6;"Nagy,  KA, & Suckling,  GC. (1985). Field Energetics and Water Balance of Sugar Gliders, Petaurus Breviceps (Marsupialia:Petauridae). Australian Journal of Zoology, 33(5), 683. doi:10.1071/zo9850683 "
"237";237;237;8135;"Mammal";"Mammalia";"Diprotodontia";"Petauridae";"Petaurus";"Petaurus_breviceps";121;-38;143;NA;"11-15 September 1980";"1980-09-11";"1980-09-15";0;0;0;0;0;0;0;0;1;0;0;0;1980;NA;NA;NA;1,6087962962963;139;10,97078487;10,9913118;170,0928176;67,69001252;67,91033979;-0,135703263180415;0,37078487;10,6;"Nagy,  KA, & Suckling,  GC. (1985). Field Energetics and Water Balance of Sugar Gliders, Petaurus Breviceps (Marsupialia:Petauridae). Australian Journal of Zoology, 33(5), 683. doi:10.1071/zo9850683 "
"238";238;238;8136;"Mammal";"Mammalia";"Diprotodontia";"Petauridae";"Petaurus";"Petaurus_breviceps";121;-38;143;NA;"11-15 September 1980";"1980-09-11";"1980-09-15";0;0;0;0;0;0;0;0;1;0;0;0;1980;NA;NA;NA;1,95601851851852;169;10,97078487;10,9913118;170,0928176;67,69001252;67,91033979;0,0597215186119673;0,37078487;10,6;"Nagy,  KA, & Suckling,  GC. (1985). Field Energetics and Water Balance of Sugar Gliders, Petaurus Breviceps (Marsupialia:Petauridae). Australian Journal of Zoology, 33(5), 683. doi:10.1071/zo9850683 "
"239";239;239;8141;"Mammal";"Mammalia";"Diprotodontia";"Petauridae";"Petaurus";"Petaurus_breviceps";126;-38;143;NA;"11-15 September 1980";"1980-09-11";"1980-09-15";0;0;0;0;0;0;0;0;1;0;0;0;1980;NA;NA;NA;1,44675925925926;125;10,97078487;10,9913118;170,0928176;67,69001252;67,91033979;-0,270931539727424;0,37078487;10,6;"Nagy,  KA, & Suckling,  GC. (1985). Field Energetics and Water Balance of Sugar Gliders, Petaurus Breviceps (Marsupialia:Petauridae). Australian Journal of Zoology, 33(5), 683. doi:10.1071/zo9850683 "
"240";240;240;8146;"Mammal";"Mammalia";"Diprotodontia";"Petauridae";"Petaurus";"Petaurus_breviceps";130;-38;143;NA;"11-15 September 1980";"1980-09-11";"1980-09-15";0;0;0;0;0;0;0;0;1;0;0;0;1980;NA;NA;NA;2,4537037037037;212;10,97078487;10,9913118;170,0928176;67,69001252;67,91033979;0,234905311934397;0,37078487;10,6;"Nagy,  KA, & Suckling,  GC. (1985). Field Energetics and Water Balance of Sugar Gliders, Petaurus Breviceps (Marsupialia:Petauridae). Australian Journal of Zoology, 33(5), 683. doi:10.1071/zo9850683 "
"241";241;241;8149;"Mammal";"Mammalia";"Diprotodontia";"Petauridae";"Petaurus";"Petaurus_breviceps";138;-38;143;NA;"11-15 September 1980";"1980-09-11";"1980-09-15";0;0;0;0;0;0;0;0;1;0;0;0;1980;NA;NA;NA;2,26851851851852;196;10,97078487;10,9913118;170,0928176;67,69001252;67,91033979;0,113562242516513;0,37078487;10,6;"Nagy,  KA, & Suckling,  GC. (1985). Field Energetics and Water Balance of Sugar Gliders, Petaurus Breviceps (Marsupialia:Petauridae). Australian Journal of Zoology, 33(5), 683. doi:10.1071/zo9850683 "
"242";242;242;8154;"Mammal";"Mammalia";"Diprotodontia";"Petauridae";"Petaurus";"Petaurus_breviceps";162;-38;143;NA;"11-15 September 1980";"1980-09-11";"1980-09-15";0;0;0;0;0;0;0;0;1;0;0;0;1980;NA;NA;NA;2,33796296296296;202;10,97078487;10,9913118;170,0928176;67,69001252;67,91033979;0,0286079358343114;0,37078487;10,6;"Nagy,  KA, & Suckling,  GC. (1985). Field Energetics and Water Balance of Sugar Gliders, Petaurus Breviceps (Marsupialia:Petauridae). Australian Journal of Zoology, 33(5), 683. doi:10.1071/zo9850683 "
"243";243;243;8155;"Mammal";"Mammalia";"Diprotodontia";"Petauridae";"Petaurus";"Petaurus_breviceps";163;-38;143;NA;"11-15 September 1980";"1980-09-11";"1980-09-15";0;0;0;0;0;0;0;0;1;0;0;0;1980;NA;NA;NA;2,40740740740741;208;10,97078487;10,9913118;170,0928176;67,69001252;67,91033979;0,053460559499924;0,37078487;10,6;"Nagy,  KA, & Suckling,  GC. (1985). Field Energetics and Water Balance of Sugar Gliders, Petaurus Breviceps (Marsupialia:Petauridae). Australian Journal of Zoology, 33(5), 683. doi:10.1071/zo9850683 "
"244";244;244;8291;"Mammal";"Mammalia";"Diprotodontia";"Tarsipedidae";"Tarsipes";"Tarsipes_rostratus";5,275;-30,1666666666667;119,516666666667;NA;"27-29 August 1986";"1986-08-27";"1986-08-29";0;0;0;0;0;0;0;1;0;0;0;0;1986;NA;NA;NA;0,298032407407407;25,75;7,56789022;9,095238632;221,1798209;75,14837867;71,58102681;0,427251417593876;-3,23210978;10,8;"Nagy, K.A. et al. (1995) ‘Field metabolic rate of a small marsupial mammal, the honey possum (Tarsipes rostratus)’, Journal of Mammalogy, 76(3), p. 862. doi:10.2307/1382755."
"245";245;245;8293;"Mammal";"Mammalia";"Diprotodontia";"Tarsipedidae";"Tarsipes";"Tarsipes_rostratus";6,45;-30,1666666666667;119,516666666667;NA;"27-29 August 1986";"1986-08-27";"1986-08-29";0;0;0;0;0;0;0;1;0;0;0;0;1986;NA;NA;NA;0,409722222222222;35,4;7,56789022;9,095238632;221,1798209;75,14837867;71,58102681;0,601161194274523;-3,23210978;10,8;"Nagy, K.A. et al. (1995) ‘Field metabolic rate of a small marsupial mammal, the honey possum (Tarsipes rostratus)’, Journal of Mammalogy, 76(3), p. 862. doi:10.2307/1382755."
"246";246;246;8299;"Mammal";"Mammalia";"Diprotodontia";"Tarsipedidae";"Tarsipes";"Tarsipes_rostratus";7,35;-30,1666666666667;119,516666666667;NA;"27-29 August 1986";"1986-08-27";"1986-08-29";0;0;0;0;0;0;0;1;0;0;0;0;1986;NA;NA;NA;0,476851851851852;41,2;7,56789022;9,095238632;221,1798209;75,14837867;71,58102681;0,659117555122437;-3,23210978;10,8;"Nagy, K.A. et al. (1995) ‘Field metabolic rate of a small marsupial mammal, the honey possum (Tarsipes rostratus)’, Journal of Mammalogy, 76(3), p. 862. doi:10.2307/1382755."
"247";247;247;8303;"Mammal";"Mammalia";"Diprotodontia";"Tarsipedidae";"Tarsipes";"Tarsipes_rostratus";8,05;-30,1666666666667;119,516666666667;NA;"27-29 August 1986";"1986-08-27";"1986-08-29";0;0;0;0;0;0;0;1;0;0;0;0;1986;NA;NA;NA;0,539351851851852;46,6;7,56789022;9,095238632;221,1798209;75,14837867;71,58102681;0,716972700214278;-3,23210978;10,8;"Nagy, K.A. et al. (1995) ‘Field metabolic rate of a small marsupial mammal, the honey possum (Tarsipes rostratus)’, Journal of Mammalogy, 76(3), p. 862. doi:10.2307/1382755."
"248";248;248;8309;"Mammal";"Mammalia";"Diprotodontia";"Tarsipedidae";"Tarsipes";"Tarsipes_rostratus";9,5;-30,1666666666667;119,516666666667;NA;"27-29 August 1986";"1986-08-27";"1986-08-29";0;0;0;0;0;0;0;1;0;0;0;0;1986;NA;NA;NA;0,446759259259259;38,6;7,56789022;9,095238632;221,1798209;75,14837867;71,58102681;0,409728778412917;-3,23210978;10,8;"Nagy, K.A. et al. (1995) ‘Field metabolic rate of a small marsupial mammal, the honey possum (Tarsipes rostratus)’, Journal of Mammalogy, 76(3), p. 862. doi:10.2307/1382755."
"249";249;249;8311;"Mammal";"Mammalia";"Diprotodontia";"Tarsipedidae";"Tarsipes";"Tarsipes_rostratus";9,9;-30,1666666666667;119,516666666667;NA;"27-29 August 1986";"1986-08-27";"1986-08-29";0;0;0;0;0;0;0;1;0;0;0;0;1986;NA;NA;NA;0,599537037037037;51,8;7,56789022;9,095238632;221,1798209;75,14837867;71,58102681;0,674259011265818;-3,23210978;10,8;"Nagy, K.A. et al. (1995) ‘Field metabolic rate of a small marsupial mammal, the honey possum (Tarsipes rostratus)’, Journal of Mammalogy, 76(3), p. 862. doi:10.2307/1382755."
"250";250;250;8313;"Mammal";"Mammalia";"Diprotodontia";"Tarsipedidae";"Tarsipes";"Tarsipes_rostratus";10,05;-30,1666666666667;119,516666666667;NA;"27-29 August 1986";"1986-08-27";"1986-08-29";0;0;0;0;0;0;0;1;0;0;0;0;1986;NA;NA;NA;0,396412037037037;34,25;7,56789022;9,095238632;221,1798209;75,14837867;71,58102681;0,24975998248436;-3,23210978;10,8;"Nagy, K.A. et al. (1995) ‘Field metabolic rate of a small marsupial mammal, the honey possum (Tarsipes rostratus)’, Journal of Mammalogy, 76(3), p. 862. doi:10.2307/1382755."
"251";251;251;8315;"Mammal";"Mammalia";"Diprotodontia";"Tarsipedidae";"Tarsipes";"Tarsipes_rostratus";10,5;-30,1666666666667;119,516666666667;NA;"27-29 August 1986";"1986-08-27";"1986-08-29";0;0;0;0;0;0;0;1;0;0;0;0;1986;NA;NA;NA;0,351851851851852;30,4;7,56789022;9,095238632;221,1798209;75,14837867;71,58102681;0,0990708455739338;-3,23210978;10,8;"Nagy, K.A. et al. (1995) ‘Field metabolic rate of a small marsupial mammal, the honey possum (Tarsipes rostratus)’, Journal of Mammalogy, 76(3), p. 862. doi:10.2307/1382755."
"252";252;252;8316;"Mammal";"Mammalia";"Diprotodontia";"Tarsipedidae";"Tarsipes";"Tarsipes_rostratus";10,625;-30,1666666666667;119,516666666667;NA;"27-29 August 1986";"1986-08-27";"1986-08-29";0;0;0;0;0;0;0;1;0;0;0;0;1986;NA;NA;NA;0,261574074074074;22,6;7,56789022;9,095238632;221,1798209;75,14837867;71,58102681;-0,205917618585152;-3,23210978;10,8;"Nagy, K.A. et al. (1995) ‘Field metabolic rate of a small marsupial mammal, the honey possum (Tarsipes rostratus)’, Journal of Mammalogy, 76(3), p. 862. doi:10.2307/1382755."
"253";253;253;8320;"Mammal";"Mammalia";"Diprotodontia";"Tarsipedidae";"Tarsipes";"Tarsipes_rostratus";12,7;-30,1666666666667;119,516666666667;NA;"27-29 August 1986";"1986-08-27";"1986-08-29";0;0;0;0;0;0;0;1;0;0;0;0;1986;NA;NA;NA;0,597222222222222;51,6;7,56789022;9,095238632;221,1798209;75,14837867;71,58102681;0,491589272006201;-3,23210978;10,8;"Nagy, K.A. et al. (1995) ‘Field metabolic rate of a small marsupial mammal, the honey possum (Tarsipes rostratus)’, Journal of Mammalogy, 76(3), p. 862. doi:10.2307/1382755."
"254";254;254;8322;"Mammal";"Mammalia";"Diprotodontia";"Tarsipedidae";"Tarsipes";"Tarsipes_rostratus";14,9;-30,1666666666667;119,516666666667;NA;"27-29 August 1986";"1986-08-27";"1986-08-29";0;0;0;0;0;0;0;1;0;0;0;0;1986;NA;NA;NA;0,479166666666667;41,4;7,56789022;9,095238632;221,1798209;75,14837867;71,58102681;0,156659970697149;-3,23210978;10,8;"Nagy, K.A. et al. (1995) ‘Field metabolic rate of a small marsupial mammal, the honey possum (Tarsipes rostratus)’, Journal of Mammalogy, 76(3), p. 862. doi:10.2307/1382755."
"255";255;255;8323;"Mammal";"Mammalia";"Diprotodontia";"Tarsipedidae";"Tarsipes";"Tarsipes_rostratus";17,75;-30,1666666666667;119,516666666667;NA;"27-29 August 1986";"1986-08-27";"1986-08-29";0;0;0;0;0;0;0;1;0;0;0;0;1986;NA;NA;NA;0,361111111111111;31,2;7,56789022;9,095238632;221,1798209;75,14837867;71,58102681;-0,251849876722244;-3,23210978;10,8;"Nagy, K.A. et al. (1995) ‘Field metabolic rate of a small marsupial mammal, the honey possum (Tarsipes rostratus)’, Journal of Mammalogy, 76(3), p. 862. doi:10.2307/1382755."
"256";256;256;8253;"Mammal";"Mammalia";"Soricomorpha";"Soricidae";"Sorex";"Sorex_araneus";7,6;52,7;23,8166666666667;NA;"July 2000";"2000-07-01";"2000-07-31";0;0;0;0;0;0;1;0;0;0;0;0;2000;NA;NA;NA;0,552662037037037;47,75;16,83412936;18,36669787;243,876639;84,55138852;77,78401159;0,782646645296635;-0,665870640000001;17,5;"Ochocińska, D., & Taylor, J. R. E. (2005). Living at the Physiological Limits: Field and Maximum Metabolic Rates                     of the Common Shrew (Sorex araneus). Physiological and Biochemical Zoology, 78(5), 808–818. doi:10.1086/431190 "
"257";257;257;8255;"Mammal";"Mammalia";"Soricomorpha";"Soricidae";"Sorex";"Sorex_araneus";7,85;52,7;23,8166666666667;NA;"July 2000";"2000-07-01";"2000-07-31";0;0;0;0;0;0;1;0;0;0;0;0;2000;NA;NA;NA;0,631018518518519;54,52;16,83412936;18,36669787;243,876639;84,55138852;77,78401159;0,89200068107415;-0,665870640000001;17,5;"Ochocińska, D., & Taylor, J. R. E. (2005). Living at the Physiological Limits: Field and Maximum Metabolic Rates                     of the Common Shrew (Sorex araneus). Physiological and Biochemical Zoology, 78(5), 808–818. doi:10.1086/431190 "
"258";258;258;8256;"Mammal";"Mammalia";"Soricomorpha";"Soricidae";"Sorex";"Sorex_araneus";7,9;52,7;23,8166666666667;NA;"July 2000";"2000-07-01";"2000-07-31";0;0;0;0;0;0;1;0;0;0;0;0;2000;NA;NA;NA;0,605324074074074;52,3;16,83412936;18,36669787;243,876639;84,55138852;77,78401159;0,845871439448548;-0,665870640000001;17,5;"Ochocińska, D., & Taylor, J. R. E. (2005). Living at the Physiological Limits: Field and Maximum Metabolic Rates                     of the Common Shrew (Sorex araneus). Physiological and Biochemical Zoology, 78(5), 808–818. doi:10.1086/431190 "
"259";259;259;8257;"Mammal";"Mammalia";"Soricomorpha";"Soricidae";"Sorex";"Sorex_araneus";7,9;52,7;23,8166666666667;NA;"July 2000";"2000-07-01";"2000-07-31";0;0;0;0;0;0;1;0;0;0;0;0;2000;NA;NA;NA;0,637962962962963;55,12;16,83412936;18,36669787;243,876639;84,55138852;77,78401159;0,898387695083074;-0,665870640000001;17,5;"Ochocińska, D., & Taylor, J. R. E. (2005). Living at the Physiological Limits: Field and Maximum Metabolic Rates                     of the Common Shrew (Sorex araneus). Physiological and Biochemical Zoology, 78(5), 808–818. doi:10.1086/431190 "
"260";260;260;8259;"Mammal";"Mammalia";"Soricomorpha";"Soricidae";"Sorex";"Sorex_araneus";8,2;52,7;23,8166666666667;NA;"July 2000";"2000-07-01";"2000-07-31";0;0;0;0;0;0;1;0;0;0;0;0;2000;NA;NA;NA;0,529282407407407;45,73;16,83412936;18,36669787;243,876639;84,55138852;77,78401159;0,684873086231718;-0,665870640000001;17,5;"Ochocińska, D., & Taylor, J. R. E. (2005). Living at the Physiological Limits: Field and Maximum Metabolic Rates                     of the Common Shrew (Sorex araneus). Physiological and Biochemical Zoology, 78(5), 808–818. doi:10.1086/431190 "
"261";261;261;8260;"Mammal";"Mammalia";"Soricomorpha";"Soricidae";"Sorex";"Sorex_araneus";8,45;52,7;23,8166666666667;NA;"July 2000";"2000-07-01";"2000-07-31";0;0;0;0;0;0;1;0;0;0;0;0;2000;NA;NA;NA;0,668171296296296;57,73;16,83412936;18,36669787;243,876639;84,55138852;77,78401159;0,896335833881146;-0,665870640000001;17,5;"Ochocińska, D., & Taylor, J. R. E. (2005). Living at the Physiological Limits: Field and Maximum Metabolic Rates                     of the Common Shrew (Sorex araneus). Physiological and Biochemical Zoology, 78(5), 808–818. doi:10.1086/431190 "
"262";262;262;8262;"Mammal";"Mammalia";"Soricomorpha";"Soricidae";"Sorex";"Sorex_araneus";9,05;52,7;23,8166666666667;NA;"July 2000";"2000-07-01";"2000-07-31";0;0;0;0;0;0;1;0;0;0;0;0;2000;NA;NA;NA;0,591550925925926;51,11;16,83412936;18,36669787;243,876639;84,55138852;77,78401159;0,725293437295054;-0,665870640000001;17,5;"Ochocińska, D., & Taylor, J. R. E. (2005). Living at the Physiological Limits: Field and Maximum Metabolic Rates                     of the Common Shrew (Sorex araneus). Physiological and Biochemical Zoology, 78(5), 808–818. doi:10.1086/431190 "
"263";263;263;8251;"Mammal";"Mammalia";"Soricomorpha";"Soricidae";"Sorex";"Sorex_araneus";7,39;53,3333333333333;23,3833333333333;NA;"July 2001";"2000-07-01";"2000-07-31";0;0;0;0;0;0;1;0;0;0;0;0;2001;NA;NA;NA;0,675694444444444;58,38;20,84615739;21,70042935;279,1883282;83,65150303;79,75993744;1,00375640761327;3,64615739;17,2;"Ochocińska, D., & Taylor, J. R. E. (2005). Living at the Physiological Limits: Field and Maximum Metabolic Rates                     of the Common Shrew (Sorex araneus). Physiological and Biochemical Zoology, 78(5), 808–818. doi:10.1086/431190 "
"264";264;264;8252;"Mammal";"Mammalia";"Soricomorpha";"Soricidae";"Sorex";"Sorex_araneus";7,48;53,3333333333333;23,3833333333333;NA;"July 2001";"2000-07-01";"2000-07-31";0;0;0;0;0;0;1;0;0;0;0;0;2001;NA;NA;NA;0,501851851851852;43,36;20,84615739;21,70042935;279,1883282;83,65150303;79,75993744;0,697630378460648;3,64615739;17,2;"Ochocińska, D., & Taylor, J. R. E. (2005). Living at the Physiological Limits: Field and Maximum Metabolic Rates                     of the Common Shrew (Sorex araneus). Physiological and Biochemical Zoology, 78(5), 808–818. doi:10.1086/431190 "
"265";265;265;8254;"Mammal";"Mammalia";"Soricomorpha";"Soricidae";"Sorex";"Sorex_araneus";7,69;53,3333333333333;23,3833333333333;NA;"July 2001";"2000-07-01";"2000-07-31";0;0;0;0;0;0;1;0;0;0;0;0;2001;NA;NA;NA;0,573842592592593;49,58;20,84615739;21,70042935;279,1883282;83,65150303;79,75993744;0,811803795319531;3,64615739;17,2;"Ochocińska, D., & Taylor, J. R. E. (2005). Living at the Physiological Limits: Field and Maximum Metabolic Rates                     of the Common Shrew (Sorex araneus). Physiological and Biochemical Zoology, 78(5), 808–818. doi:10.1086/431190 "
"266";266;266;8258;"Mammal";"Mammalia";"Soricomorpha";"Soricidae";"Sorex";"Sorex_araneus";8,15;53,3333333333333;23,3833333333333;NA;"July 2001";"2000-07-01";"2000-07-31";0;0;0;0;0;0;1;0;0;0;0;0;2001;NA;NA;NA;0,538310185185185;46,51;20,84615739;21,70042935;279,1883282;83,65150303;79,75993744;0,706176630332794;3,64615739;17,2;"Ochocińska, D., & Taylor, J. R. E. (2005). Living at the Physiological Limits: Field and Maximum Metabolic Rates                     of the Common Shrew (Sorex araneus). Physiological and Biochemical Zoology, 78(5), 808–818. doi:10.1086/431190 "
"267";267;267;8261;"Mammal";"Mammalia";"Soricomorpha";"Soricidae";"Sorex";"Sorex_araneus";8,58;53,3333333333333;23,3833333333333;NA;"July 2001";"2000-07-01";"2000-07-31";0;0;0;0;0;0;1;0;0;0;0;0;2001;NA;NA;NA;0,714236111111111;61,71;20,84615739;21,70042935;279,1883282;83,65150303;79,75993744;0,95204459061976;3,64615739;17,2;"Ochocińska, D., & Taylor, J. R. E. (2005). Living at the Physiological Limits: Field and Maximum Metabolic Rates                     of the Common Shrew (Sorex araneus). Physiological and Biochemical Zoology, 78(5), 808–818. doi:10.1086/431190 "
"268";268;268;8263;"Mammal";"Mammalia";"Soricomorpha";"Soricidae";"Sorex";"Sorex_araneus";9,15;53,3333333333333;23,3833333333333;NA;"July 2001";"2000-07-01";"2000-07-31";0;0;0;0;0;0;1;0;0;0;0;0;2001;NA;NA;NA;0,722569444444444;62,43;20,84615739;21,70042935;279,1883282;83,65150303;79,75993744;0,917470284391625;3,64615739;17,2;"Ochocińska, D., & Taylor, J. R. E. (2005). Living at the Physiological Limits: Field and Maximum Metabolic Rates                     of the Common Shrew (Sorex araneus). Physiological and Biochemical Zoology, 78(5), 808–818. doi:10.1086/431190 "
"269";269;269;8264;"Mammal";"Mammalia";"Soricomorpha";"Soricidae";"Sorex";"Sorex_araneus";9,35;53,3333333333333;23,3833333333333;NA;"July 2001";"2000-07-01";"2000-07-31";0;0;0;0;0;0;1;0;0;0;0;0;2001;NA;NA;NA;0,803703703703704;69,44;20,84615739;21,70042935;279,1883282;83,65150303;79,75993744;1,00836501525359;3,64615739;17,2;"Ochocińska, D., & Taylor, J. R. E. (2005). Living at the Physiological Limits: Field and Maximum Metabolic Rates                     of the Common Shrew (Sorex araneus). Physiological and Biochemical Zoology, 78(5), 808–818. doi:10.1086/431190 "
"270";270;270;7928;"Mammal";"Mammalia";"Rodentia";"Cricetidae";"Lemmus";"Lemmus_sibiricus";51;71,3;-156,666666666667;7;"July 1973";"1973-07-01";"1973-07-31";0;0;0;0;0;0;1;0;0;0;0;0;1973;NA;NA;NA;2,20127314814815;190,19;0,453637207;3,291666267;291,2599981;96,15178786;78,69641109;0,798072542584063;-3,946362793;4,4;"Peterson Jr., R. M., Batzli, G. O., & Banks, E. M. (1976). Activity and Energetics of the Brown Lemming in its Natural Habitat. Arctic and Alpine Research, 8(2), 131-138. https://doi.org/10.1080/00040851.1976.12003871"
"271";271;271;7929;"Mammal";"Mammalia";"Rodentia";"Cricetidae";"Lemmus";"Lemmus_sibiricus";52;71,3;-156,666666666667;7;"July 1973";"1973-07-01";"1973-07-31";0;0;0;0;0;0;1;0;0;0;0;0;1973;NA;NA;NA;2,55928240740741;221,122;0,453637207;3,291666267;291,2599981;96,15178786;78,69641109;0,934823631808671;-3,946362793;4,4;"Peterson Jr., R. M., Batzli, G. O., & Banks, E. M. (1976). Activity and Energetics of the Brown Lemming in its Natural Habitat. Arctic and Alpine Research, 8(2), 131-138. https://doi.org/10.1080/00040851.1976.12003871"
"272";272;272;7930;"Mammal";"Mammalia";"Rodentia";"Cricetidae";"Lemmus";"Lemmus_sibiricus";62;71,3;-156,666666666667;7;"July 1973";"1973-07-01";"1973-07-31";0;0;0;0;0;0;1;0;0;0;0;0;1973;NA;NA;NA;2,21094907407407;191,026;0,453637207;3,291666267;291,2599981;96,15178786;78,69641109;0,662249581373018;-3,946362793;4,4;"Peterson Jr., R. M., Batzli, G. O., & Banks, E. M. (1976). Activity and Energetics of the Brown Lemming in its Natural Habitat. Arctic and Alpine Research, 8(2), 131-138. https://doi.org/10.1080/00040851.1976.12003871"
"273";273;273;8288;"Mammal";"Mammalia";"Rodentia";"Sciuridae";"Tamias";"Tamias_striatus";89,4;35,93;-84,31;NA;"10 October 1973";"1973-10-10";"1973-10-10";0;0;0;0;0;0;0;0;0;1;0;0;1973;NA;NA;NA;1,48784777777778;128,550048;20,15363631;24,04947496;215,5938901;82,47760106;69,29988705;0,00342281549939644;5,65363631;14,5;"Randolph, J. C. (1980). Daily Energy Metabolism of Two Rodents (Peromyscus leucopus and Tamias                striatus) in Their Natural Environment. Physiological Zoology, 53(1), 70-81. https://doi.org/10.1086/physzool.53.1.30155776"
"274";274;274;8289;"Mammal";"Mammalia";"Rodentia";"Sciuridae";"Tamias";"Tamias_striatus";98,8;35,93;-84,31;NA;"10 October 1973";"1973-10-10";"1973-10-10";0;0;0;0;0;0;0;0;0;1;0;0;1973;NA;NA;NA;1,58214935185185;136,697704;20,15363631;24,04947496;215,5938901;82,47760106;69,29988705;-0,00689532827753372;5,65363631;14,5;"Randolph, J. C. (1980). Daily Energy Metabolism of Two Rodents (Peromyscus leucopus and Tamias                striatus) in Their Natural Environment. Physiological Zoology, 53(1), 70-81. https://doi.org/10.1086/physzool.53.1.30155776"
"275";275;275;8290;"Mammal";"Mammalia";"Rodentia";"Sciuridae";"Tamias";"Tamias_striatus";100,6;35,93;-84,31;NA;"10 October 1973";"1973-10-10";"1973-10-10";0;0;0;0;0;0;0;0;0;1;0;0;1973;NA;NA;NA;1,90786037037037;164,839136;20,15363631;24,04947496;215,5938901;82,47760106;69,29988705;0,167341651396875;5,65363631;14,5;"Randolph, J. C. (1980). Daily Energy Metabolism of Two Rodents (Peromyscus leucopus and Tamias                striatus) in Their Natural Environment. Physiological Zoology, 53(1), 70-81. https://doi.org/10.1086/physzool.53.1.30155776"
"276";276;276;8094;"Mammal";"Mammalia";"Rodentia";"Cricetidae";"Peromyscus";"Peromyscus_leucopus";16,6;35,93;-84,31;NA;"11 October 1973";"1973-10-10";"1973-10-10";0;0;0;0;0;0;0;0;0;1;0;0;1973;NA;NA;NA;0,444115324074074;38,371564;20,15363631;24,04947496;215,5938901;82,47760106;69,29988705;0,00313455540726104;5,65363631;14,5;"Randolph, J. C. (1980). Daily Energy Metabolism of Two Rodents (Peromyscus leucopus and Tamias                striatus) in Their Natural Environment. Physiological Zoology, 53(1), 70-81. https://doi.org/10.1086/physzool.53.1.30155776"
"277";277;277;8095;"Mammal";"Mammalia";"Rodentia";"Cricetidae";"Peromyscus";"Peromyscus_leucopus";18,6;35,93;-84,31;NA;"11 October 1973";"1973-10-10";"1973-10-10";0;0;0;0;0;0;0;0;0;1;0;0;1973;NA;NA;NA;0,331148888888889;28,611264;20,15363631;24,04947496;215,5938901;82,47760106;69,29988705;-0,372047250796887;5,65363631;14,5;"Randolph, J. C. (1980). Daily Energy Metabolism of Two Rodents (Peromyscus leucopus and Tamias                striatus) in Their Natural Environment. Physiological Zoology, 53(1), 70-81. https://doi.org/10.1086/physzool.53.1.30155776"
"278";278;278;8096;"Mammal";"Mammalia";"Rodentia";"Cricetidae";"Peromyscus";"Peromyscus_leucopus";21,15;35,93;-84,31;NA;"11 October 1973";"1973-10-10";"1973-10-10";0;0;0;0;0;0;0;0;0;1;0;0;1973;NA;NA;NA;0,450990069444444;38,965542;20,15363631;24,04947496;215,5938901;82,47760106;69,29988705;-0,155402491200518;5,65363631;14,5;"Randolph, J. C. (1980). Daily Energy Metabolism of Two Rodents (Peromyscus leucopus and Tamias                striatus) in Their Natural Environment. Physiological Zoology, 53(1), 70-81. https://doi.org/10.1086/physzool.53.1.30155776"
"279";279;279;7914;"Mammal";"Mammalia";"Artiodactyla";"Camelidae";"Lama";"Lama_glama";41000;-15,7833333333333;-71,4666666666667;NA;"November 1999";"1999-11-01";"1999-11-30";0;0;0;0;0;0;0;0;0;0;1;0;1999;NA;NA;NA;171,064814814815;14780;4,406479735;11,38930042;310,4978376;90,75663115;62,35619105;0,348796177459241;1,006479735;3,4;"Riek, A., Van Der Sluijs, L., & Gerken, M. (2007). Measuring the energy expenditure and water flux in free-ranging alpacas (Lama pacos) in the peruvian andes using the doubly labelled water technique. Journal of Experimental Zoology Part A: Ecological Genetics and Physiology, 307A(12), 667-675. https://doi.org/10.1002/jez.a.419"
"280";280;280;7915;"Mammal";"Mammalia";"Artiodactyla";"Camelidae";"Lama";"Lama_glama";44500;-15,7833333333333;-71,4666666666667;NA;"November 1999";"1999-11-01";"1999-11-30";0;0;0;0;0;0;0;0;0;0;1;0;1999;NA;NA;NA;168,634259259259;14570;4,406479735;11,38930042;310,4978376;90,75663115;62,35619105;0,275678930528334;1,006479735;3,4;"Riek, A., Van Der Sluijs, L., & Gerken, M. (2007). Measuring the energy expenditure and water flux in free-ranging alpacas (Lama pacos) in the peruvian andes using the doubly labelled water technique. Journal of Experimental Zoology Part A: Ecological Genetics and Physiology, 307A(12), 667-675. https://doi.org/10.1002/jez.a.419"
"281";281;281;7916;"Mammal";"Mammalia";"Artiodactyla";"Camelidae";"Lama";"Lama_glama";50500;-15,7833333333333;-71,4666666666667;NA;"November 1999";"1999-11-01";"1999-11-30";0;0;0;0;0;0;0;0;0;0;1;0;1999;NA;NA;NA;134,259259259259;11600;4,406479735;11,38930042;310,4978376;90,75663115;62,35619105;-0,0430814753792625;1,006479735;3,4;"Riek, A., Van Der Sluijs, L., & Gerken, M. (2007). Measuring the energy expenditure and water flux in free-ranging alpacas (Lama pacos) in the peruvian andes using the doubly labelled water technique. Journal of Experimental Zoology Part A: Ecological Genetics and Physiology, 307A(12), 667-675. https://doi.org/10.1002/jez.a.419"
"282";282;282;7917;"Mammal";"Mammalia";"Artiodactyla";"Camelidae";"Lama";"Lama_glama";56000;-15,7833333333333;-71,4666666666667;NA;"November 1999";"1999-11-01";"1999-11-30";0;0;0;0;0;0;0;0;0;0;1;0;1999;NA;NA;NA;176,62037037037;15260;4,406479735;11,38930042;310,4978376;90,75663115;62,35619105;0,156934836144326;1,006479735;3,4;"Riek, A., Van Der Sluijs, L., & Gerken, M. (2007). Measuring the energy expenditure and water flux in free-ranging alpacas (Lama pacos) in the peruvian andes using the doubly labelled water technique. Journal of Experimental Zoology Part A: Ecological Genetics and Physiology, 307A(12), 667-675. https://doi.org/10.1002/jez.a.419"
"283";283;283;8010;"Mammal";"Mammalia";"Primates";"Cheirogaleidae";"Microcebus";"Microcebus_murinus";38,5;-20,05;44,65;44;"April - June 1998";"1998-04-01";"1998-06-30";0;0;0;1;1;1;0;0;0;0;0;0;1998;NA;NA;NA;1,00115740740741;86,5;21,6380494;23,25826925;209,4844526;85,73946042;79,53082546;0,212038818612409;-2,19528393333334;23,8333333333333;"Schmid, J., & Speakman, J. R. (2000). Daily energy expenditure of the grey mouse lemur (Microcebus murinus): A small primate that uses torpor. Journal of Comparative Physiology B, 170(8), 633-641. https://doi.org/10.1007/s003600000146"
"284";284;284;8012;"Mammal";"Mammalia";"Primates";"Cheirogaleidae";"Microcebus";"Microcebus_murinus";43,5;-20,05;44,65;44;"April - June 1998";"1998-04-01";"1998-06-30";0;0;0;1;1;1;0;0;0;0;0;0;1998;NA;NA;NA;1,00439814814815;86,78;21,6380494;23,25826925;209,4844526;85,73946042;79,53082546;0,127615072169453;-2,19528393333334;23,8333333333333;"Schmid, J., & Speakman, J. R. (2000). Daily energy expenditure of the grey mouse lemur (Microcebus murinus): A small primate that uses torpor. Journal of Comparative Physiology B, 170(8), 633-641. https://doi.org/10.1007/s003600000146"
"285";285;285;8014;"Mammal";"Mammalia";"Primates";"Cheirogaleidae";"Microcebus";"Microcebus_murinus";47;-20,05;44,65;44;"April - June 1998";"1998-04-01";"1998-06-30";0;0;0;1;1;1;0;0;0;0;0;0;1998;NA;NA;NA;1,12650462962963;97,33;21,6380494;23,25826925;209,4844526;85,73946042;79,53082546;0,186791548334308;-2,19528393333334;23,8333333333333;"Schmid, J., & Speakman, J. R. (2000). Daily energy expenditure of the grey mouse lemur (Microcebus murinus): A small primate that uses torpor. Journal of Comparative Physiology B, 170(8), 633-641. https://doi.org/10.1007/s003600000146"
"286";286;286;8016;"Mammal";"Mammalia";"Primates";"Cheirogaleidae";"Microcebus";"Microcebus_murinus";48,5;-20,05;44,65;44;"April - June 1998";"1998-04-01";"1998-06-30";0;0;0;1;1;1;0;0;0;0;0;0;1998;NA;NA;NA;1,55625;134,46;21,6380494;23,25826925;209,4844526;85,73946042;79,53082546;0,487397869632771;-2,19528393333334;23,8333333333333;"Schmid, J., & Speakman, J. R. (2000). Daily energy expenditure of the grey mouse lemur (Microcebus murinus): A small primate that uses torpor. Journal of Comparative Physiology B, 170(8), 633-641. https://doi.org/10.1007/s003600000146"
"287";287;287;8025;"Mammal";"Mammalia";"Primates";"Cheirogaleidae";"Microcebus";"Microcebus_murinus";54;-20,05;44,65;44;"April - June 1998";"1998-04-01";"1998-06-30";0;0;0;1;1;1;0;0;0;0;0;0;1998;NA;NA;NA;1,3931712962963;120,37;21,6380494;23,25826925;209,4844526;85,73946042;79,53082546;0,299586219581023;-2,19528393333334;23,8333333333333;"Schmid, J., & Speakman, J. R. (2000). Daily energy expenditure of the grey mouse lemur (Microcebus murinus): A small primate that uses torpor. Journal of Comparative Physiology B, 170(8), 633-641. https://doi.org/10.1007/s003600000146"
"288";288;288;8028;"Mammal";"Mammalia";"Primates";"Cheirogaleidae";"Microcebus";"Microcebus_murinus";55,5;-20,05;44,65;44;"April - June 1998";"1998-04-01";"1998-06-30";0;0;0;1;1;1;0;0;0;0;0;0;1998;NA;NA;NA;1,72916666666667;149,4;21,6380494;23,25826925;209,4844526;85,73946042;79,53082546;0,495973888056753;-2,19528393333334;23,8333333333333;"Schmid, J., & Speakman, J. R. (2000). Daily energy expenditure of the grey mouse lemur (Microcebus murinus): A small primate that uses torpor. Journal of Comparative Physiology B, 170(8), 633-641. https://doi.org/10.1007/s003600000146"
"289";289;289;8030;"Mammal";"Mammalia";"Primates";"Cheirogaleidae";"Microcebus";"Microcebus_murinus";57;-20,05;44,65;44;"April - June 1998";"1998-04-01";"1998-06-30";0;0;0;1;1;1;0;0;0;0;0;0;1998;NA;NA;NA;1,18298611111111;102,21;21,6380494;23,25826925;209,4844526;85,73946042;79,53082546;0,0972314408092387;-2,19528393333334;23,8333333333333;"Schmid, J., & Speakman, J. R. (2000). Daily energy expenditure of the grey mouse lemur (Microcebus murinus): A small primate that uses torpor. Journal of Comparative Physiology B, 170(8), 633-641. https://doi.org/10.1007/s003600000146"
"290";290;290;8031;"Mammal";"Mammalia";"Primates";"Cheirogaleidae";"Microcebus";"Microcebus_murinus";57;-20,05;44,65;44;"April - June 1998";"1998-04-01";"1998-06-30";0;0;0;1;1;1;0;0;0;0;0;0;1998;NA;NA;NA;1,20150462962963;103,81;21,6380494;23,25826925;209,4844526;85,73946042;79,53082546;0,112764225673408;-2,19528393333334;23,8333333333333;"Schmid, J., & Speakman, J. R. (2000). Daily energy expenditure of the grey mouse lemur (Microcebus murinus): A small primate that uses torpor. Journal of Comparative Physiology B, 170(8), 633-641. https://doi.org/10.1007/s003600000146"
"291";291;291;8032;"Mammal";"Mammalia";"Primates";"Cheirogaleidae";"Microcebus";"Microcebus_murinus";59;-20,05;44,65;44;"April - June 1998";"1998-04-01";"1998-06-30";0;0;0;1;1;1;0;0;0;0;0;0;1998;NA;NA;NA;0,988078703703704;85,37;21,6380494;23,25826925;209,4844526;85,73946042;79,53082546;-0,107560385723069;-2,19528393333334;23,8333333333333;"Schmid, J., & Speakman, J. R. (2000). Daily energy expenditure of the grey mouse lemur (Microcebus murinus): A small primate that uses torpor. Journal of Comparative Physiology B, 170(8), 633-641. https://doi.org/10.1007/s003600000146"
"292";292;292;8033;"Mammal";"Mammalia";"Primates";"Cheirogaleidae";"Microcebus";"Microcebus_murinus";60;-20,05;44,65;44;"April - June 1998";"1998-04-01";"1998-06-30";0;0;0;1;1;1;0;0;0;0;0;0;1998;NA;NA;NA;1,60150462962963;138,37;21,6380494;23,25826925;209,4844526;85,73946042;79,53082546;0,363310566802641;-2,19528393333334;23,8333333333333;"Schmid, J., & Speakman, J. R. (2000). Daily energy expenditure of the grey mouse lemur (Microcebus murinus): A small primate that uses torpor. Journal of Comparative Physiology B, 170(8), 633-641. https://doi.org/10.1007/s003600000146"
"293";293;293;8036;"Mammal";"Mammalia";"Primates";"Cheirogaleidae";"Microcebus";"Microcebus_murinus";61;-20,05;44,65;44;"April - June 1998";"1998-04-01";"1998-06-30";0;0;0;1;1;1;0;0;0;0;0;0;1998;NA;NA;NA;1,92708333333333;166,5;21,6380494;23,25826925;209,4844526;85,73946042;79,53082546;0,536508506196561;-2,19528393333334;23,8333333333333;"Schmid, J., & Speakman, J. R. (2000). Daily energy expenditure of the grey mouse lemur (Microcebus murinus): A small primate that uses torpor. Journal of Comparative Physiology B, 170(8), 633-641. https://doi.org/10.1007/s003600000146"
"294";294;294;8039;"Mammal";"Mammalia";"Primates";"Cheirogaleidae";"Microcebus";"Microcebus_murinus";63;-20,05;44,65;44;"April - June 1998";"1998-04-01";"1998-06-30";0;0;0;1;1;1;0;0;0;0;0;0;1998;NA;NA;NA;1,37662037037037;118,94;21,6380494;23,25826925;209,4844526;85,73946042;79,53082546;0,176972819966327;-2,19528393333334;23,8333333333333;"Schmid, J., & Speakman, J. R. (2000). Daily energy expenditure of the grey mouse lemur (Microcebus murinus): A small primate that uses torpor. Journal of Comparative Physiology B, 170(8), 633-641. https://doi.org/10.1007/s003600000146"
"295";295;295;8046;"Mammal";"Mammalia";"Primates";"Cheirogaleidae";"Microcebus";"Microcebus_murinus";66,5;-20,05;44,65;44;"April - June 1998";"1998-04-01";"1998-06-30";0;0;0;1;1;1;0;0;0;0;0;0;1998;NA;NA;NA;1,29560185185185;111,94;21,6380494;23,25826925;209,4844526;85,73946042;79,53082546;0,0775027024299672;-2,19528393333334;23,8333333333333;"Schmid, J., & Speakman, J. R. (2000). Daily energy expenditure of the grey mouse lemur (Microcebus murinus): A small primate that uses torpor. Journal of Comparative Physiology B, 170(8), 633-641. https://doi.org/10.1007/s003600000146"
"296";296;296;8047;"Mammal";"Mammalia";"Primates";"Cheirogaleidae";"Microcebus";"Microcebus_murinus";67;-20,05;44,65;44;"April - June 1998";"1998-04-01";"1998-06-30";0;0;0;1;1;1;0;0;0;0;0;0;1998;NA;NA;NA;0,694675925925926;60,02;21,6380494;23,25826925;209,4844526;85,73946042;79,53082546;-0,551159900753561;-2,19528393333334;23,8333333333333;"Schmid, J., & Speakman, J. R. (2000). Daily energy expenditure of the grey mouse lemur (Microcebus murinus): A small primate that uses torpor. Journal of Comparative Physiology B, 170(8), 633-641. https://doi.org/10.1007/s003600000146"
"297";297;297;8049;"Mammal";"Mammalia";"Primates";"Cheirogaleidae";"Microcebus";"Microcebus_murinus";70;-20,05;44,65;44;"April - June 1998";"1998-04-01";"1998-06-30";0;0;0;1;1;1;0;0;0;0;0;0;1998;NA;NA;NA;1,49456018518519;129,13;21,6380494;23,25826925;209,4844526;85,73946042;79,53082546;0,183536727478408;-2,19528393333334;23,8333333333333;"Schmid, J., & Speakman, J. R. (2000). Daily energy expenditure of the grey mouse lemur (Microcebus murinus): A small primate that uses torpor. Journal of Comparative Physiology B, 170(8), 633-641. https://doi.org/10.1007/s003600000146"
"298";298;298;8051;"Mammal";"Mammalia";"Primates";"Cheirogaleidae";"Microcebus";"Microcebus_murinus";72;-20,05;44,65;44;"April - June 1998";"1998-04-01";"1998-06-30";0;0;0;1;1;1;0;0;0;0;0;0;1998;NA;NA;NA;0,942708333333333;81,45;21,6380494;23,25826925;209,4844526;85,73946042;79,53082546;-0,297516994441502;-2,19528393333334;23,8333333333333;"Schmid, J., & Speakman, J. R. (2000). Daily energy expenditure of the grey mouse lemur (Microcebus murinus): A small primate that uses torpor. Journal of Comparative Physiology B, 170(8), 633-641. https://doi.org/10.1007/s003600000146"
"299";299;299;8052;"Mammal";"Mammalia";"Primates";"Cheirogaleidae";"Microcebus";"Microcebus_murinus";72,5;-20,05;44,65;44;"April - June 1998";"1998-04-01";"1998-06-30";0;0;0;1;1;1;0;0;0;0;0;0;1998;NA;NA;NA;1,61446759259259;139,49;21,6380494;23,25826925;209,4844526;85,73946042;79,53082546;0,235518512796692;-2,19528393333334;23,8333333333333;"Schmid, J., & Speakman, J. R. (2000). Daily energy expenditure of the grey mouse lemur (Microcebus murinus): A small primate that uses torpor. Journal of Comparative Physiology B, 170(8), 633-641. https://doi.org/10.1007/s003600000146"
"300";300;300;8054;"Mammal";"Mammalia";"Primates";"Cheirogaleidae";"Microcebus";"Microcebus_murinus";75;-20,05;44,65;44;"April - June 1998";"1998-04-01";"1998-06-30";0;0;0;1;1;1;0;0;0;0;0;0;1998;NA;NA;NA;1,22708333333333;106,02;21,6380494;23,25826925;209,4844526;85,73946042;79,53082546;-0,0631840107467545;-2,19528393333334;23,8333333333333;"Schmid, J., & Speakman, J. R. (2000). Daily energy expenditure of the grey mouse lemur (Microcebus murinus): A small primate that uses torpor. Journal of Comparative Physiology B, 170(8), 633-641. https://doi.org/10.1007/s003600000146"
"301";301;301;8055;"Mammal";"Mammalia";"Primates";"Cheirogaleidae";"Microcebus";"Microcebus_murinus";79;-20,05;44,65;44;"April - June 1998";"1998-04-01";"1998-06-30";0;0;0;1;1;1;0;0;0;0;0;0;1998;NA;NA;NA;1,484375;128,25;21,6380494;23,25826925;209,4844526;85,73946042;79,53082546;0,0898686778479724;-2,19528393333334;23,8333333333333;"Schmid, J., & Speakman, J. R. (2000). Daily energy expenditure of the grey mouse lemur (Microcebus murinus): A small primate that uses torpor. Journal of Comparative Physiology B, 170(8), 633-641. https://doi.org/10.1007/s003600000146"
"302";302;302;8056;"Mammal";"Mammalia";"Primates";"Cheirogaleidae";"Microcebus";"Microcebus_murinus";84,5;-20,05;44,65;44;"April - June 1998";"1998-04-01";"1998-06-30";0;0;0;1;1;1;0;0;0;0;0;0;1998;NA;NA;NA;0,868287037037037;75,02;21,6380494;23,25826925;209,4844526;85,73946042;79,53082546;-0,494674265118533;-2,19528393333334;23,8333333333333;"Schmid, J., & Speakman, J. R. (2000). Daily energy expenditure of the grey mouse lemur (Microcebus murinus): A small primate that uses torpor. Journal of Comparative Physiology B, 170(8), 633-641. https://doi.org/10.1007/s003600000146"
"303";303;303;8057;"Mammal";"Mammalia";"Primates";"Cheirogaleidae";"Microcebus";"Microcebus_murinus";86;-20,05;44,65;44;"April - June 1998";"1998-04-01";"1998-06-30";0;0;0;1;1;1;0;0;0;0;0;0;1998;NA;NA;NA;1,028125;88,83;21,6380494;23,25826925;209,4844526;85,73946042;79,53082546;-0,338336286343111;-2,19528393333334;23,8333333333333;"Schmid, J., & Speakman, J. R. (2000). Daily energy expenditure of the grey mouse lemur (Microcebus murinus): A small primate that uses torpor. Journal of Comparative Physiology B, 170(8), 633-641. https://doi.org/10.1007/s003600000146"
"304";304;304;8058;"Mammal";"Mammalia";"Primates";"Cheirogaleidae";"Microcebus";"Microcebus_murinus";97,5;-20,05;44,65;44;"April - June 1998";"1998-04-01";"1998-06-30";0;0;0;1;1;1;0;0;0;0;0;0;1998;NA;NA;NA;0,584375;50,49;21,6380494;23,25826925;209,4844526;85,73946042;79,53082546;-0,993383449187855;-2,19528393333334;23,8333333333333;"Schmid, J., & Speakman, J. R. (2000). Daily energy expenditure of the grey mouse lemur (Microcebus murinus): A small primate that uses torpor. Journal of Comparative Physiology B, 170(8), 633-641. https://doi.org/10.1007/s003600000146"
"305";305;305;8059;"Mammal";"Mammalia";"Primates";"Cheirogaleidae";"Microcebus";"Microcebus_murinus";98;-20,05;44,65;44;"April - June 1998";"1998-04-01";"1998-06-30";0;0;0;1;1;1;0;0;0;0;0;0;1998;NA;NA;NA;1,74386574074074;150,67;21,6380494;23,25826925;209,4844526;85,73946042;79,53082546;0,0962612223206393;-2,19528393333334;23,8333333333333;"Schmid, J., & Speakman, J. R. (2000). Daily energy expenditure of the grey mouse lemur (Microcebus murinus): A small primate that uses torpor. Journal of Comparative Physiology B, 170(8), 633-641. https://doi.org/10.1007/s003600000146"
"306";306;306;8026;"Mammal";"Mammalia";"Primates";"Cheirogaleidae";"Microcebus";"Microcebus_murinus";54,3;-20,05;44,65;44;"December 1997 - January 1998";"1997-12-01";"1998-01-31";1;0;0;0;0;0;0;0;0;0;0;1;1997;1998;NA;NA;1,12361111111111;97,08;24,66858934;26,95988832;281,4775347;89,60606088;79,67390945;0,0805740638993883;-2,68141066;27,35;"Schmid, J., & Speakman, J. R. (2000). Daily energy expenditure of the grey mouse lemur (Microcebus murinus): A small primate that uses torpor. Journal of Comparative Physiology B, 170(8), 633-641. https://doi.org/10.1007/s003600000146"
"307";307;307;8027;"Mammal";"Mammalia";"Primates";"Cheirogaleidae";"Microcebus";"Microcebus_murinus";55;-20,05;44,65;44;"December 1997 - January 1998";"1997-12-01";"1998-01-31";1;0;0;1;1;1;0;0;0;0;0;1;1997;1998;NA;NA;0,329398148148148;28,46;24,66858934;26,95988832;281,4775347;89,60606088;79,67390945;-1,15565706426892;-0,571410660000002;25,24;"Schmid, J., & Speakman, J. R. (2000). Daily energy expenditure of the grey mouse lemur (Microcebus murinus): A small primate that uses torpor. Journal of Comparative Physiology B, 170(8), 633-641. https://doi.org/10.1007/s003600000146"
"308";308;308;8029;"Mammal";"Mammalia";"Primates";"Cheirogaleidae";"Microcebus";"Microcebus_murinus";56;-20,05;44,65;44;"December 1997 - January 1998";"1997-12-01";"1998-01-31";1;0;0;0;0;0;0;0;0;0;0;1;1997;1998;NA;NA;1,09189814814815;94,34;24,66858934;26,95988832;281,4775347;89,60606088;79,67390945;0,0298134329037266;-2,68141066;27,35;"Schmid, J., & Speakman, J. R. (2000). Daily energy expenditure of the grey mouse lemur (Microcebus murinus): A small primate that uses torpor. Journal of Comparative Physiology B, 170(8), 633-641. https://doi.org/10.1007/s003600000146"
"309";309;309;8038;"Mammal";"Mammalia";"Primates";"Cheirogaleidae";"Microcebus";"Microcebus_murinus";63;-20,05;44,65;44;"December 1997 - January 1998";"1997-12-01";"1998-01-31";1;0;0;0;0;0;0;0;0;0;0;1;1997;1998;NA;NA;1,19247685185185;103,03;24,66858934;26,95988832;281,4775347;89,60606088;79,67390945;0,0333738636448559;-2,68141066;27,35;"Schmid, J., & Speakman, J. R. (2000). Daily energy expenditure of the grey mouse lemur (Microcebus murinus): A small primate that uses torpor. Journal of Comparative Physiology B, 170(8), 633-641. https://doi.org/10.1007/s003600000146"
"310";310;310;8040;"Mammal";"Mammalia";"Primates";"Cheirogaleidae";"Microcebus";"Microcebus_murinus";63;-20,05;44,65;44;"December 1997 - January 1998";"1997-12-01";"1998-01-31";1;0;0;0;0;0;0;0;0;0;0;1;1997;1998;NA;NA;2,4318287037037;210,11;24,66858934;26,95988832;281,4775347;89,60606088;79,67390945;0,745984858788837;-2,68141066;27,35;"Schmid, J., & Speakman, J. R. (2000). Daily energy expenditure of the grey mouse lemur (Microcebus murinus): A small primate that uses torpor. Journal of Comparative Physiology B, 170(8), 633-641. https://doi.org/10.1007/s003600000146"
"311";311;311;8042;"Mammal";"Mammalia";"Primates";"Cheirogaleidae";"Microcebus";"Microcebus_murinus";63,8;-20,05;44,65;44;"December 1997 - January 1998";"1997-12-01";"1998-01-31";1;0;0;0;0;0;0;0;0;0;0;1;1997;1998;NA;NA;2,39988425925926;207,35;24,66858934;26,95988832;281,4775347;89,60606088;79,67390945;0,723703255149825;-2,68141066;27,35;"Schmid, J., & Speakman, J. R. (2000). Daily energy expenditure of the grey mouse lemur (Microcebus murinus): A small primate that uses torpor. Journal of Comparative Physiology B, 170(8), 633-641. https://doi.org/10.1007/s003600000146"
"312";312;312;8048;"Mammal";"Mammalia";"Primates";"Cheirogaleidae";"Microcebus";"Microcebus_murinus";67;-20,05;44,65;44;"December 1997 - January 1998";"1997-12-01";"1998-01-31";1;0;0;0;0;0;0;0;0;0;0;1;1997;1998;NA;NA;1,28506944444444;111,03;24,66858934;26,95988832;281,4775347;89,60606088;79,67390945;0,0639626943003918;-2,68141066;27,35;"Schmid, J., & Speakman, J. R. (2000). Daily energy expenditure of the grey mouse lemur (Microcebus murinus): A small primate that uses torpor. Journal of Comparative Physiology B, 170(8), 633-641. https://doi.org/10.1007/s003600000146"
"313";313;313;8011;"Mammal";"Mammalia";"Primates";"Cheirogaleidae";"Microcebus";"Microcebus_murinus";42,8;-24,9483333333333;46,995;NA;"July 2001";"2001-07-01";"2001-07-31";0;0;0;0;0;0;1;0;0;0;0;0;2001;NA;NA;NA;0,915046296296296;79,06;22,78569062;22,25124159;120,1128423;72,9843956;75,61328547;0,0460920558055331;3,88569062;18,9;"Schmid, J., & Speakman, J. R. (2009). Torpor and energetic consequences in free-ranging grey mouse lemurs (Microcebus murinus): A comparison of dry and wet forests. Naturwissenschaften, 96(5), 609-620. https://doi.org/10.1007/s00114-009-0515-z"
"314";314;314;8013;"Mammal";"Mammalia";"Primates";"Cheirogaleidae";"Microcebus";"Microcebus_murinus";46,8;-24,9483333333333;46,995;NA;"July 2001";"2001-07-01";"2001-07-31";0;0;0;0;0;0;1;0;0;0;0;0;2001;NA;NA;NA;0,574421296296296;49,63;22,78569062;22,25124159;120,1128423;72,9843956;75,61328547;-0,483658886924866;3,88569062;18,9;"Schmid, J., & Speakman, J. R. (2009). Torpor and energetic consequences in free-ranging grey mouse lemurs (Microcebus murinus): A comparison of dry and wet forests. Naturwissenschaften, 96(5), 609-620. https://doi.org/10.1007/s00114-009-0515-z"
"315";315;315;8015;"Mammal";"Mammalia";"Primates";"Cheirogaleidae";"Microcebus";"Microcebus_murinus";48,5;-24,9483333333333;46,995;NA;"July 2001";"2001-07-01";"2001-07-31";0;0;0;0;0;0;1;0;0;0;0;0;2001;NA;NA;NA;0,692013888888889;59,79;22,78569062;22,25124159;120,1128423;72,9843956;75,61328547;-0,323030464515307;3,88569062;18,9;"Schmid, J., & Speakman, J. R. (2009). Torpor and energetic consequences in free-ranging grey mouse lemurs (Microcebus murinus): A comparison of dry and wet forests. Naturwissenschaften, 96(5), 609-620. https://doi.org/10.1007/s00114-009-0515-z"
"316";316;316;8017;"Mammal";"Mammalia";"Primates";"Cheirogaleidae";"Microcebus";"Microcebus_murinus";49,5;-24,9483333333333;46,995;NA;"July 2001";"2001-07-01";"2001-07-31";0;0;0;0;0;0;1;0;0;0;0;0;2001;NA;NA;NA;0,71875;62,1;22,78569062;22,25124159;120,1128423;72,9843956;75,61328547;-0,29977409092316;3,88569062;18,9;"Schmid, J., & Speakman, J. R. (2009). Torpor and energetic consequences in free-ranging grey mouse lemurs (Microcebus murinus): A comparison of dry and wet forests. Naturwissenschaften, 96(5), 609-620. https://doi.org/10.1007/s00114-009-0515-z"
"317";317;317;8018;"Mammal";"Mammalia";"Primates";"Cheirogaleidae";"Microcebus";"Microcebus_murinus";50;-24,9483333333333;46,995;NA;"July 2001";"2001-07-01";"2001-07-31";0;0;0;0;0;0;1;0;0;0;0;0;2001;NA;NA;NA;0,884490740740741;76,42;22,78569062;22,25124159;120,1128423;72,9843956;75,61328547;-0,0994906082489924;3,88569062;18,9;"Schmid, J., & Speakman, J. R. (2009). Torpor and energetic consequences in free-ranging grey mouse lemurs (Microcebus murinus): A comparison of dry and wet forests. Naturwissenschaften, 96(5), 609-620. https://doi.org/10.1007/s00114-009-0515-z"
"318";318;318;8019;"Mammal";"Mammalia";"Primates";"Cheirogaleidae";"Microcebus";"Microcebus_murinus";50,5;-24,9483333333333;46,995;NA;"July 2001";"2001-07-01";"2001-07-31";0;0;0;0;0;0;1;0;0;0;0;0;2001;NA;NA;NA;0,831134259259259;71,81;22,78569062;22,25124159;120,1128423;72,9843956;75,61328547;-0,168854486609759;3,88569062;18,9;"Schmid, J., & Speakman, J. R. (2009). Torpor and energetic consequences in free-ranging grey mouse lemurs (Microcebus murinus): A comparison of dry and wet forests. Naturwissenschaften, 96(5), 609-620. https://doi.org/10.1007/s00114-009-0515-z"
"319";319;319;8020;"Mammal";"Mammalia";"Primates";"Cheirogaleidae";"Microcebus";"Microcebus_murinus";51;-24,9483333333333;46,995;NA;"July 2001";"2001-07-01";"2001-07-31";0;0;0;0;0;0;1;0;0;0;0;0;2001;NA;NA;NA;0,624074074074074;53,92;22,78569062;22,25124159;120,1128423;72,9843956;75,61328547;-0,462449563305455;3,88569062;18,9;"Schmid, J., & Speakman, J. R. (2009). Torpor and energetic consequences in free-ranging grey mouse lemurs (Microcebus murinus): A comparison of dry and wet forests. Naturwissenschaften, 96(5), 609-620. https://doi.org/10.1007/s00114-009-0515-z"
"320";320;320;8021;"Mammal";"Mammalia";"Primates";"Cheirogaleidae";"Microcebus";"Microcebus_murinus";51;-24,9483333333333;46,995;NA;"July 2001";"2001-07-01";"2001-07-31";0;0;0;0;0;0;1;0;0;0;0;0;2001;NA;NA;NA;0,734490740740741;63,46;22,78569062;22,25124159;120,1128423;72,9843956;75,61328547;-0,299541243754457;3,88569062;18,9;"Schmid, J., & Speakman, J. R. (2009). Torpor and energetic consequences in free-ranging grey mouse lemurs (Microcebus murinus): A comparison of dry and wet forests. Naturwissenschaften, 96(5), 609-620. https://doi.org/10.1007/s00114-009-0515-z"
"321";321;321;8022;"Mammal";"Mammalia";"Primates";"Cheirogaleidae";"Microcebus";"Microcebus_murinus";51,5;-24,9483333333333;46,995;NA;"July 2001";"2001-07-01";"2001-07-31";0;0;0;0;0;0;1;0;0;0;0;0;2001;NA;NA;NA;0,554398148148148;47,9;22,78569062;22,25124159;120,1128423;72,9843956;75,61328547;-0,587839322631793;3,88569062;18,9;"Schmid, J., & Speakman, J. R. (2009). Torpor and energetic consequences in free-ranging grey mouse lemurs (Microcebus murinus): A comparison of dry and wet forests. Naturwissenschaften, 96(5), 609-620. https://doi.org/10.1007/s00114-009-0515-z"
"322";322;322;8023;"Mammal";"Mammalia";"Primates";"Cheirogaleidae";"Microcebus";"Microcebus_murinus";52;-24,9483333333333;46,995;NA;"July 2001";"2001-07-01";"2001-07-31";0;0;0;0;0;0;1;0;0;0;0;0;2001;NA;NA;NA;0,802199074074074;69,31;22,78569062;22,25124159;120,1128423;72,9843956;75,61328547;-0,225301757662354;3,88569062;18,9;"Schmid, J., & Speakman, J. R. (2009). Torpor and energetic consequences in free-ranging grey mouse lemurs (Microcebus murinus): A comparison of dry and wet forests. Naturwissenschaften, 96(5), 609-620. https://doi.org/10.1007/s00114-009-0515-z"
"323";323;323;8024;"Mammal";"Mammalia";"Primates";"Cheirogaleidae";"Microcebus";"Microcebus_murinus";52,5;-24,9483333333333;46,995;NA;"July 2001";"2001-07-01";"2001-07-31";0;0;0;0;0;0;1;0;0;0;0;0;2001;NA;NA;NA;0,831828703703704;71,87;22,78569062;22,25124159;120,1128423;72,9843956;75,61328547;-0,195901773220865;3,88569062;18,9;"Schmid, J., & Speakman, J. R. (2009). Torpor and energetic consequences in free-ranging grey mouse lemurs (Microcebus murinus): A comparison of dry and wet forests. Naturwissenschaften, 96(5), 609-620. https://doi.org/10.1007/s00114-009-0515-z"
"324";324;324;8034;"Mammal";"Mammalia";"Primates";"Cheirogaleidae";"Microcebus";"Microcebus_murinus";60,5;-24,9483333333333;46,995;NA;"July 2001";"2001-07-01";"2001-07-31";0;0;0;0;0;0;1;0;0;0;0;0;2001;NA;NA;NA;0,482291666666667;41,67;22,78569062;22,25124159;120,1128423;72,9843956;75,61328547;-0,842796818159139;3,88569062;18,9;"Schmid, J., & Speakman, J. R. (2009). Torpor and energetic consequences in free-ranging grey mouse lemurs (Microcebus murinus): A comparison of dry and wet forests. Naturwissenschaften, 96(5), 609-620. https://doi.org/10.1007/s00114-009-0515-z"
"325";325;325;8035;"Mammal";"Mammalia";"Primates";"Cheirogaleidae";"Microcebus";"Microcebus_murinus";60,5;-24,9483333333333;46,995;NA;"July 2001";"2001-07-01";"2001-07-31";0;0;0;0;0;0;1;0;0;0;0;0;2001;NA;NA;NA;1,13946759259259;98,45;22,78569062;22,25124159;120,1128423;72,9843956;75,61328547;0,016970541491633;3,88569062;18,9;"Schmid, J., & Speakman, J. R. (2009). Torpor and energetic consequences in free-ranging grey mouse lemurs (Microcebus murinus): A comparison of dry and wet forests. Naturwissenschaften, 96(5), 609-620. https://doi.org/10.1007/s00114-009-0515-z"
"326";326;326;8037;"Mammal";"Mammalia";"Primates";"Cheirogaleidae";"Microcebus";"Microcebus_murinus";63;-24,9483333333333;46,995;NA;"July 2001";"2001-07-01";"2001-07-31";0;0;0;0;0;0;1;0;0;0;0;0;2001;NA;NA;NA;0,652199074074074;56,35;22,78569062;22,25124159;120,1128423;72,9843956;75,61328547;-0,570064103826335;3,88569062;18,9;"Schmid, J., & Speakman, J. R. (2009). Torpor and energetic consequences in free-ranging grey mouse lemurs (Microcebus murinus): A comparison of dry and wet forests. Naturwissenschaften, 96(5), 609-620. https://doi.org/10.1007/s00114-009-0515-z"
"327";327;327;8041;"Mammal";"Mammalia";"Primates";"Cheirogaleidae";"Microcebus";"Microcebus_murinus";63,5;-24,9483333333333;46,995;NA;"July 2001";"2001-07-01";"2001-07-31";0;0;0;0;0;0;1;0;0;0;0;0;2001;NA;NA;NA;1,16145833333333;100,35;22,78569062;22,25124159;120,1128423;72,9843956;75,61328547;0,00134273289805809;3,88569062;18,9;"Schmid, J., & Speakman, J. R. (2009). Torpor and energetic consequences in free-ranging grey mouse lemurs (Microcebus murinus): A comparison of dry and wet forests. Naturwissenschaften, 96(5), 609-620. https://doi.org/10.1007/s00114-009-0515-z"
"328";328;328;8043;"Mammal";"Mammalia";"Primates";"Cheirogaleidae";"Microcebus";"Microcebus_murinus";64;-24,9483333333333;46,995;NA;"July 2001";"2001-07-01";"2001-07-31";0;0;0;0;0;0;1;0;0;0;0;0;2001;NA;NA;NA;0,750925925925926;64,88;22,78569062;22,25124159;120,1128423;72,9843956;75,61328547;-0,440412420322667;3,88569062;18,9;"Schmid, J., & Speakman, J. R. (2009). Torpor and energetic consequences in free-ranging grey mouse lemurs (Microcebus murinus): A comparison of dry and wet forests. Naturwissenschaften, 96(5), 609-620. https://doi.org/10.1007/s00114-009-0515-z"
"329";329;329;8044;"Mammal";"Mammalia";"Primates";"Cheirogaleidae";"Microcebus";"Microcebus_murinus";64,8;-24,9483333333333;46,995;NA;"July 2001";"2001-07-01";"2001-07-31";0;0;0;0;0;0;1;0;0;0;0;0;2001;NA;NA;NA;0,859490740740741;74,26;22,78569062;22,25124159;120,1128423;72,9843956;75,61328547;-0,314297303672591;3,88569062;18,9;"Schmid, J., & Speakman, J. R. (2009). Torpor and energetic consequences in free-ranging grey mouse lemurs (Microcebus murinus): A comparison of dry and wet forests. Naturwissenschaften, 96(5), 609-620. https://doi.org/10.1007/s00114-009-0515-z"
"330";330;330;8045;"Mammal";"Mammalia";"Primates";"Cheirogaleidae";"Microcebus";"Microcebus_murinus";65,5;-24,9483333333333;46,995;NA;"July 2001";"2001-07-01";"2001-07-31";0;0;0;0;0;0;1;0;0;0;0;0;2001;NA;NA;NA;0,618634259259259;53,45;22,78569062;22,25124159;120,1128423;72,9843956;75,61328547;-0,650836442552025;3,88569062;18,9;"Schmid, J., & Speakman, J. R. (2009). Torpor and energetic consequences in free-ranging grey mouse lemurs (Microcebus murinus): A comparison of dry and wet forests. Naturwissenschaften, 96(5), 609-620. https://doi.org/10.1007/s00114-009-0515-z"
"331";331;331;8050;"Mammal";"Mammalia";"Primates";"Cheirogaleidae";"Microcebus";"Microcebus_murinus";71;-24,9483333333333;46,995;NA;"July 2001";"2001-07-01";"2001-07-31";0;0;0;0;0;0;1;0;0;0;0;0;2001;NA;NA;NA;1,09502314814815;94,61;22,78569062;22,25124159;120,1128423;72,9843956;75,61328547;-0,137702658256537;3,88569062;18,9;"Schmid, J., & Speakman, J. R. (2009). Torpor and energetic consequences in free-ranging grey mouse lemurs (Microcebus murinus): A comparison of dry and wet forests. Naturwissenschaften, 96(5), 609-620. https://doi.org/10.1007/s00114-009-0515-z"
"332";332;332;8053;"Mammal";"Mammalia";"Primates";"Cheirogaleidae";"Microcebus";"Microcebus_murinus";75;-24,9483333333333;46,995;NA;"July 2001";"2001-07-01";"2001-07-31";0;0;0;0;0;0;1;0;0;0;0;0;2001;NA;NA;NA;0,795138888888889;68,7;22,78569062;22,25124159;120,1128423;72,9843956;75,61328547;-0,497062567078111;3,88569062;18,9;"Schmid, J., & Speakman, J. R. (2009). Torpor and energetic consequences in free-ranging grey mouse lemurs (Microcebus murinus): A comparison of dry and wet forests. Naturwissenschaften, 96(5), 609-620. https://doi.org/10.1007/s00114-009-0515-z"
"333";333;333;8274;"Mammal";"Mammalia";"Monotremata";"Tachyglossidae";"Tachyglossus";"Tachyglossus_aculeatus";2690;-42,4166666666667;147,233333333333;NA;"7 October - 25 November 1999";"1999-10-07";"1999-11-25";0;0;0;0;0;0;0;0;0;1;1;0;1999;NA;NA;NA;7,46527777777778;645;11,64346709;12,41209619;226,647312;85,28591168;81,90673135;-0,827446848687494;0,543467089999998;11,1;"Schmid, J., Andersen, N. A., Speakman, J. R., & Nicol, S. C. (2003). Field energetics of free-living, lactating and non-lactating echidnas (Tachyglossus aculeatus). Comparative Biochemistry and Physiology Part A: Molecular & Integrative Physiology, 136(4), 903-909. https://doi.org/10.1016/S1095-6433(03)00240-X"
"334";334;334;8275;"Mammal";"Mammalia";"Monotremata";"Tachyglossidae";"Tachyglossus";"Tachyglossus_aculeatus";2695;-42,4166666666667;147,233333333333;NA;"7 October - 25 November 1999";"1999-10-07";"1999-11-25";0;0;0;0;0;0;0;0;0;1;1;0;1999;NA;NA;NA;9,83796296296296;850;11,64346709;12,41209619;226,647312;85,28591168;81,90673135;-0,552793933397018;0,543467089999998;11,1;"Schmid, J., Andersen, N. A., Speakman, J. R., & Nicol, S. C. (2003). Field energetics of free-living, lactating and non-lactating echidnas (Tachyglossus aculeatus). Comparative Biochemistry and Physiology Part A: Molecular & Integrative Physiology, 136(4), 903-909. https://doi.org/10.1016/S1095-6433(03)00240-X"
"335";335;335;8276;"Mammal";"Mammalia";"Monotremata";"Tachyglossidae";"Tachyglossus";"Tachyglossus_aculeatus";2715;-42,4166666666667;147,233333333333;NA;"7 October - 25 November 1999";"1999-10-07";"1999-11-25";0;0;0;0;0;0;0;0;0;1;1;0;1999;NA;NA;NA;6,72453703703704;581;11,64346709;12,41209619;226,647312;85,28591168;81,90673135;-0,938587376550652;0,543467089999998;11,1;"Schmid, J., Andersen, N. A., Speakman, J. R., & Nicol, S. C. (2003). Field energetics of free-living, lactating and non-lactating echidnas (Tachyglossus aculeatus). Comparative Biochemistry and Physiology Part A: Molecular & Integrative Physiology, 136(4), 903-909. https://doi.org/10.1016/S1095-6433(03)00240-X"
"336";336;336;8278;"Mammal";"Mammalia";"Monotremata";"Tachyglossidae";"Tachyglossus";"Tachyglossus_aculeatus";2925;-42,4166666666667;147,233333333333;NA;"7 October - 25 November 1999";"1999-10-07";"1999-11-25";0;0;0;0;0;0;0;0;0;1;1;0;1999;NA;NA;NA;8,81944444444444;762;11,64346709;12,41209619;226,647312;85,28591168;81,90673135;-0,720875713708884;0,543467089999998;11,1;"Schmid, J., Andersen, N. A., Speakman, J. R., & Nicol, S. C. (2003). Field energetics of free-living, lactating and non-lactating echidnas (Tachyglossus aculeatus). Comparative Biochemistry and Physiology Part A: Molecular & Integrative Physiology, 136(4), 903-909. https://doi.org/10.1016/S1095-6433(03)00240-X"
"337";337;337;8279;"Mammal";"Mammalia";"Monotremata";"Tachyglossidae";"Tachyglossus";"Tachyglossus_aculeatus";2965;-42,4166666666667;147,233333333333;NA;"7 October - 25 November 1999";"1999-10-07";"1999-11-25";0;0;0;0;0;0;0;0;0;1;1;0;1999;NA;NA;NA;8,33333333333333;720;11,64346709;12,41209619;226,647312;85,28591168;81,90673135;-0,787321747356955;0,543467089999998;11,1;"Schmid, J., Andersen, N. A., Speakman, J. R., & Nicol, S. C. (2003). Field energetics of free-living, lactating and non-lactating echidnas (Tachyglossus aculeatus). Comparative Biochemistry and Physiology Part A: Molecular & Integrative Physiology, 136(4), 903-909. https://doi.org/10.1016/S1095-6433(03)00240-X"
"338";338;338;8283;"Mammal";"Mammalia";"Monotremata";"Tachyglossidae";"Tachyglossus";"Tachyglossus_aculeatus";3743;-42,4166666666667;147,233333333333;NA;"7 October - 25 November 1999";"1999-10-07";"1999-11-25";0;0;0;0;0;0;0;0;0;1;1;0;1999;NA;NA;NA;8,84259259259259;764;11,64346709;12,41209619;226,647312;85,28591168;81,90673135;-0,895279492088723;0,543467089999998;11,1;"Schmid, J., Andersen, N. A., Speakman, J. R., & Nicol, S. C. (2003). Field energetics of free-living, lactating and non-lactating echidnas (Tachyglossus aculeatus). Comparative Biochemistry and Physiology Part A: Molecular & Integrative Physiology, 136(4), 903-909. https://doi.org/10.1016/S1095-6433(03)00240-X"
"339";339;339;8284;"Mammal";"Mammalia";"Monotremata";"Tachyglossidae";"Tachyglossus";"Tachyglossus_aculeatus";3780;-42,4166666666667;147,233333333333;NA;"7 October - 25 November 1999";"1999-10-07";"1999-11-25";0;0;0;0;0;0;0;0;0;1;1;0;1999;NA;NA;NA;8,86574074074074;766;11,64346709;12,41209619;226,647312;85,28591168;81,90673135;-0,899726630625985;0,543467089999998;11,1;"Schmid, J., Andersen, N. A., Speakman, J. R., & Nicol, S. C. (2003). Field energetics of free-living, lactating and non-lactating echidnas (Tachyglossus aculeatus). Comparative Biochemistry and Physiology Part A: Molecular & Integrative Physiology, 136(4), 903-909. https://doi.org/10.1016/S1095-6433(03)00240-X"
"340";340;340;7871;"Mammal";"Mammalia";"Afrosoricida";"Chrysochloridae";"Eremitalpa";"Eremitalpa_granti";15,8;-23,6;15,1;NA;"January - February 1996";"1996-01-01";"1996-02-28";1;1;0;0;0;0;0;0;0;0;0;0;1996;NA;NA;NA;0,0950231481481481;8,21;25,01910065;27,58502888;316,7105634;47,25888772;43,47743375;-1,5033709408756;1,86910065;23,15;"Seymour, R. S., Withers, P. C., & Weathers, W. W. (1998). Energetics of burrowing, running, and free-living in the Namib Desert golden mole (Eremitalpa namibensis). Journal of Zoology, 244(1), 107-117. https://doi.org/10.1111/j.1469-7998.1998.tb00012.x"
"341";341;341;7872;"Mammal";"Mammalia";"Afrosoricida";"Chrysochloridae";"Eremitalpa";"Eremitalpa_granti";17,7;-23,6;15,1;NA;"January - February 1996";"1996-01-01";"1996-02-28";1;1;0;0;0;0;0;0;0;0;0;0;1996;NA;NA;NA;0,221412037037037;19,13;25,01910065;27,58502888;316,7105634;47,25888772;43,47743375;-0,738985127468818;1,86910065;23,15;"Seymour, R. S., Withers, P. C., & Weathers, W. W. (1998). Energetics of burrowing, running, and free-living in the Namib Desert golden mole (Eremitalpa namibensis). Journal of Zoology, 244(1), 107-117. https://doi.org/10.1111/j.1469-7998.1998.tb00012.x"
"342";342;342;7873;"Mammal";"Mammalia";"Afrosoricida";"Chrysochloridae";"Eremitalpa";"Eremitalpa_granti";17,9;-23,6;15,1;NA;"January - February 1996";"1996-01-01";"1996-02-28";1;1;0;0;0;0;0;0;0;0;0;0;1996;NA;NA;NA;0,113888888888889;9,84;25,01910065;27,58502888;316,7105634;47,25888772;43,47743375;-1,41185339160132;1,86910065;23,15;"Seymour, R. S., Withers, P. C., & Weathers, W. W. (1998). Energetics of burrowing, running, and free-living in the Namib Desert golden mole (Eremitalpa namibensis). Journal of Zoology, 244(1), 107-117. https://doi.org/10.1111/j.1469-7998.1998.tb00012.x"
"343";343;343;7874;"Mammal";"Mammalia";"Afrosoricida";"Chrysochloridae";"Eremitalpa";"Eremitalpa_granti";18,7;-23,6;15,1;NA;"January - February 1996";"1996-01-01";"1996-02-28";1;1;0;0;0;0;0;0;0;0;0;0;1996;NA;NA;NA;0,132986111111111;11,49;25,01910065;27,58502888;316,7105634;47,25888772;43,47743375;-1,28821989595545;1,86910065;23,15;"Seymour, R. S., Withers, P. C., & Weathers, W. W. (1998). Energetics of burrowing, running, and free-living in the Namib Desert golden mole (Eremitalpa namibensis). Journal of Zoology, 244(1), 107-117. https://doi.org/10.1111/j.1469-7998.1998.tb00012.x"
"344";344;344;7875;"Mammal";"Mammalia";"Afrosoricida";"Chrysochloridae";"Eremitalpa";"Eremitalpa_granti";19,4;-23,6;15,1;NA;"January - February 1996";"1996-01-01";"1996-02-28";1;1;0;0;0;0;0;0;0;0;0;0;1996;NA;NA;NA;0,110185185185185;9,52;25,01910065;27,58502888;316,7105634;47,25888772;43,47743375;-1,50268402945948;1,86910065;23,15;"Seymour, R. S., Withers, P. C., & Weathers, W. W. (1998). Energetics of burrowing, running, and free-living in the Namib Desert golden mole (Eremitalpa namibensis). Journal of Zoology, 244(1), 107-117. https://doi.org/10.1111/j.1469-7998.1998.tb00012.x"
"345";345;345;7876;"Mammal";"Mammalia";"Afrosoricida";"Chrysochloridae";"Eremitalpa";"Eremitalpa_granti";21,2;-23,6;15,1;NA;"January - February 1996";"1996-01-01";"1996-02-28";1;1;0;0;0;0;0;0;0;0;0;0;1996;NA;NA;NA;0,139814814814815;12,08;25,01910065;27,58502888;316,7105634;47,25888772;43,47743375;-1,32822413705414;1,86910065;23,15;"Seymour, R. S., Withers, P. C., & Weathers, W. W. (1998). Energetics of burrowing, running, and free-living in the Namib Desert golden mole (Eremitalpa namibensis). Journal of Zoology, 244(1), 107-117. https://doi.org/10.1111/j.1469-7998.1998.tb00012.x"
"346";346;346;7877;"Mammal";"Mammalia";"Afrosoricida";"Chrysochloridae";"Eremitalpa";"Eremitalpa_granti";21,4;-23,6;15,1;NA;"January - February 1996";"1996-01-01";"1996-02-28";1;1;0;0;0;0;0;0;0;0;0;0;1996;NA;NA;NA;0,177083333333333;15,3;25,01910065;27,58502888;316,7105634;47,25888772;43,47743375;-1,09866324094701;1,86910065;23,15;"Seymour, R. S., Withers, P. C., & Weathers, W. W. (1998). Energetics of burrowing, running, and free-living in the Namib Desert golden mole (Eremitalpa namibensis). Journal of Zoology, 244(1), 107-117. https://doi.org/10.1111/j.1469-7998.1998.tb00012.x"
"347";347;347;7878;"Mammal";"Mammalia";"Afrosoricida";"Chrysochloridae";"Eremitalpa";"Eremitalpa_granti";22,5;-23,6;15,1;NA;"January - February 1996";"1996-01-01";"1996-02-28";1;1;0;0;0;0;0;0;0;0;0;0;1996;NA;NA;NA;0,181828703703704;15,71;25,01910065;27,58502888;316,7105634;47,25888772;43,47743375;-1,10820208821458;1,86910065;23,15;"Seymour, R. S., Withers, P. C., & Weathers, W. W. (1998). Energetics of burrowing, running, and free-living in the Namib Desert golden mole (Eremitalpa namibensis). Journal of Zoology, 244(1), 107-117. https://doi.org/10.1111/j.1469-7998.1998.tb00012.x"
"348";348;348;7879;"Mammal";"Mammalia";"Afrosoricida";"Chrysochloridae";"Eremitalpa";"Eremitalpa_granti";23,2;-23,6;15,1;NA;"January - February 1996";"1996-01-01";"1996-02-28";1;1;0;0;0;0;0;0;0;0;0;0;1996;NA;NA;NA;0,16724537037037;14,45;25,01910065;27,58502888;316,7105634;47,25888772;43,47743375;-1,21379890117588;1,86910065;23,15;"Seymour, R. S., Withers, P. C., & Weathers, W. W. (1998). Energetics of burrowing, running, and free-living in the Namib Desert golden mole (Eremitalpa namibensis). Journal of Zoology, 244(1), 107-117. https://doi.org/10.1111/j.1469-7998.1998.tb00012.x"
"349";349;349;7880;"Mammal";"Mammalia";"Afrosoricida";"Chrysochloridae";"Eremitalpa";"Eremitalpa_granti";23,6;-23,6;15,1;NA;"January - February 1996";"1996-01-01";"1996-02-28";1;1;0;0;0;0;0;0;0;0;0;0;1996;NA;NA;NA;0,141435185185185;12,22;25,01910065;27,58502888;316,7105634;47,25888772;43,47743375;-1,39369117385647;1,86910065;23,15;"Seymour, R. S., Withers, P. C., & Weathers, W. W. (1998). Energetics of burrowing, running, and free-living in the Namib Desert golden mole (Eremitalpa namibensis). Journal of Zoology, 244(1), 107-117. https://doi.org/10.1111/j.1469-7998.1998.tb00012.x"
"350";350;350;7881;"Mammal";"Mammalia";"Afrosoricida";"Chrysochloridae";"Eremitalpa";"Eremitalpa_granti";26,1;-23,6;15,1;NA;"January - February 1996";"1996-01-01";"1996-02-28";1;1;0;0;0;0;0;0;0;0;0;0;1996;NA;NA;NA;0,106365740740741;9,19;25,01910065;27,58502888;316,7105634;47,25888772;43,47743375;-1,75093187872646;1,86910065;23,15;"Seymour, R. S., Withers, P. C., & Weathers, W. W. (1998). Energetics of burrowing, running, and free-living in the Namib Desert golden mole (Eremitalpa namibensis). Journal of Zoology, 244(1), 107-117. https://doi.org/10.1111/j.1469-7998.1998.tb00012.x"
"351";351;351;7952;"Mammal";"Mammalia";"Lagomorpha";"Leporidae";"Lepus";"Lepus_americanus";1080;60,95;-138,2;NA;"March - October 2007";"2007-03-01";"2007-10-30";0;0;1;1;1;1;1;1;1;1;0;0;2007;NA;NA;NA;9,7337962962963;841;0,379638655;1,898469079;180,6670822;90,29434715;82,4918858;0,0930207398641449;-0,207861345;0,5875;"Sheriff, M. J., Speakman, J. R., Kuchel, L., Boutin, S., & Humphries, M. M. (2009). The cold shoulder: Free-ranging snowshoe hares maintain a low cost of living in cold climates. Canadian Journal of Zoology, 87(10), 956-964. https://doi.org/10.1139/Z09-087"
"352";352;352;7953;"Mammal";"Mammalia";"Lagomorpha";"Leporidae";"Lepus";"Lepus_americanus";1230;60,95;-138,2;NA;"March - October 2007";"2007-03-01";"2007-10-30";0;0;1;1;1;1;1;1;1;1;0;0;2007;NA;NA;NA;9,15509259259259;791;0,379638655;1,898469079;180,6670822;90,29434715;82,4918858;-0,061635948870415;-0,207861345;0,5875;"Sheriff, M. J., Speakman, J. R., Kuchel, L., Boutin, S., & Humphries, M. M. (2009). The cold shoulder: Free-ranging snowshoe hares maintain a low cost of living in cold climates. Canadian Journal of Zoology, 87(10), 956-964. https://doi.org/10.1139/Z09-087"
"353";353;353;7954;"Mammal";"Mammalia";"Lagomorpha";"Leporidae";"Lepus";"Lepus_americanus";1230;60,95;-138,2;NA;"March - October 2007";"2007-03-01";"2007-10-30";0;0;1;1;1;1;1;1;1;1;0;0;2007;NA;NA;NA;12,3842592592593;1070;0,379638655;1,898469079;180,6670822;90,29434715;82,4918858;0,240480010817883;-0,207861345;0,5875;"Sheriff, M. J., Speakman, J. R., Kuchel, L., Boutin, S., & Humphries, M. M. (2009). The cold shoulder: Free-ranging snowshoe hares maintain a low cost of living in cold climates. Canadian Journal of Zoology, 87(10), 956-964. https://doi.org/10.1139/Z09-087"
"354";354;354;7955;"Mammal";"Mammalia";"Lagomorpha";"Leporidae";"Lepus";"Lepus_americanus";1260;60,95;-138,2;NA;"March - October 2007";"2007-03-01";"2007-10-30";0;0;1;1;1;1;1;1;1;1;0;0;2007;NA;NA;NA;12,2685185185185;1060;0,379638655;1,898469079;180,6670822;90,29434715;82,4918858;0,21379103549581;-0,207861345;0,5875;"Sheriff, M. J., Speakman, J. R., Kuchel, L., Boutin, S., & Humphries, M. M. (2009). The cold shoulder: Free-ranging snowshoe hares maintain a low cost of living in cold climates. Canadian Journal of Zoology, 87(10), 956-964. https://doi.org/10.1139/Z09-087"
"355";355;355;7956;"Mammal";"Mammalia";"Lagomorpha";"Leporidae";"Lepus";"Lepus_americanus";1280;60,95;-138,2;NA;"March - October 2007";"2007-03-01";"2007-10-30";0;0;1;1;1;1;1;1;1;1;0;0;2007;NA;NA;NA;11,099537037037;959;0,379638655;1,898469079;180,6670822;90,29434715;82,4918858;0,102352437455431;-0,207861345;0,5875;"Sheriff, M. J., Speakman, J. R., Kuchel, L., Boutin, S., & Humphries, M. M. (2009). The cold shoulder: Free-ranging snowshoe hares maintain a low cost of living in cold climates. Canadian Journal of Zoology, 87(10), 956-964. https://doi.org/10.1139/Z09-087"
"356";356;356;7957;"Mammal";"Mammalia";"Lagomorpha";"Leporidae";"Lepus";"Lepus_americanus";1290;60,95;-138,2;NA;"March - October 2007";"2007-03-01";"2007-10-30";0;0;1;1;1;1;1;1;1;1;0;0;2007;NA;NA;NA;10,5902777777778;915;0,379638655;1,898469079;180,6670822;90,29434715;82,4918858;0,0497987575315553;-0,207861345;0,5875;"Sheriff, M. J., Speakman, J. R., Kuchel, L., Boutin, S., & Humphries, M. M. (2009). The cold shoulder: Free-ranging snowshoe hares maintain a low cost of living in cold climates. Canadian Journal of Zoology, 87(10), 956-964. https://doi.org/10.1139/Z09-087"
"357";357;357;7958;"Mammal";"Mammalia";"Lagomorpha";"Leporidae";"Lepus";"Lepus_americanus";1300;60,95;-138,2;NA;"March - October 2007";"2007-03-01";"2007-10-30";0;0;1;1;1;1;1;1;1;1;0;0;2007;NA;NA;NA;8,99305555555556;777;0,379638655;1,898469079;180,6670822;90,29434715;82,4918858;-0,119228486950545;-0,207861345;0,5875;"Sheriff, M. J., Speakman, J. R., Kuchel, L., Boutin, S., & Humphries, M. M. (2009). The cold shoulder: Free-ranging snowshoe hares maintain a low cost of living in cold climates. Canadian Journal of Zoology, 87(10), 956-964. https://doi.org/10.1139/Z09-087"
"358";358;358;7959;"Mammal";"Mammalia";"Lagomorpha";"Leporidae";"Lepus";"Lepus_americanus";1310;60,95;-138,2;NA;"March - October 2007";"2007-03-01";"2007-10-30";0;0;1;1;1;1;1;1;1;1;0;0;2007;NA;NA;NA;10,5787037037037;914;0,379638655;1,898469079;180,6670822;90,29434715;82,4918858;0,0376606841328892;-0,207861345;0,5875;"Sheriff, M. J., Speakman, J. R., Kuchel, L., Boutin, S., & Humphries, M. M. (2009). The cold shoulder: Free-ranging snowshoe hares maintain a low cost of living in cold climates. Canadian Journal of Zoology, 87(10), 956-964. https://doi.org/10.1139/Z09-087"
"359";359;359;7960;"Mammal";"Mammalia";"Lagomorpha";"Leporidae";"Lepus";"Lepus_americanus";1310;60,95;-138,2;NA;"March - October 2007";"2007-03-01";"2007-10-30";0;0;1;1;1;1;1;1;1;1;0;0;2007;NA;NA;NA;11,5740740740741;1000;0,379638655;1,898469079;180,6670822;90,29434715;82,4918858;0,127585391660876;-0,207861345;0,5875;"Sheriff, M. J., Speakman, J. R., Kuchel, L., Boutin, S., & Humphries, M. M. (2009). The cold shoulder: Free-ranging snowshoe hares maintain a low cost of living in cold climates. Canadian Journal of Zoology, 87(10), 956-964. https://doi.org/10.1139/Z09-087"
"360";360;360;7961;"Mammal";"Mammalia";"Lagomorpha";"Leporidae";"Lepus";"Lepus_americanus";1320;60,95;-138,2;NA;"March - October 2007";"2007-03-01";"2007-10-30";0;0;1;1;1;1;1;1;1;1;0;0;2007;NA;NA;NA;10,3819444444444;897;0,379638655;1,898469079;180,6670822;90,29434715;82,4918858;0,0134267582190847;-0,207861345;0,5875;"Sheriff, M. J., Speakman, J. R., Kuchel, L., Boutin, S., & Humphries, M. M. (2009). The cold shoulder: Free-ranging snowshoe hares maintain a low cost of living in cold climates. Canadian Journal of Zoology, 87(10), 956-964. https://doi.org/10.1139/Z09-087"
"361";361;361;7962;"Mammal";"Mammalia";"Lagomorpha";"Leporidae";"Lepus";"Lepus_americanus";1320;60,95;-138,2;NA;"March - October 2007";"2007-03-01";"2007-10-30";0;0;1;1;1;1;1;1;1;1;0;0;2007;NA;NA;NA;13,6574074074074;1180;0,379638655;1,898469079;180,6670822;90,29434715;82,4918858;0,287640613619999;-0,207861345;0,5875;"Sheriff, M. J., Speakman, J. R., Kuchel, L., Boutin, S., & Humphries, M. M. (2009). The cold shoulder: Free-ranging snowshoe hares maintain a low cost of living in cold climates. Canadian Journal of Zoology, 87(10), 956-964. https://doi.org/10.1139/Z09-087"
"362";362;362;7963;"Mammal";"Mammalia";"Lagomorpha";"Leporidae";"Lepus";"Lepus_americanus";1340;60,95;-138,2;NA;"March - October 2007";"2007-03-01";"2007-10-30";0;0;1;1;1;1;1;1;1;1;0;0;2007;NA;NA;NA;13,5416666666667;1170;0,379638655;1,898469079;180,6670822;90,29434715;82,4918858;0,268334479727837;-0,207861345;0,5875;"Sheriff, M. J., Speakman, J. R., Kuchel, L., Boutin, S., & Humphries, M. M. (2009). The cold shoulder: Free-ranging snowshoe hares maintain a low cost of living in cold climates. Canadian Journal of Zoology, 87(10), 956-964. https://doi.org/10.1139/Z09-087"
"363";363;363;7964;"Mammal";"Mammalia";"Lagomorpha";"Leporidae";"Lepus";"Lepus_americanus";1350;60,95;-138,2;NA;"March - October 2007";"2007-03-01";"2007-10-30";0;0;1;1;1;1;1;1;1;1;0;0;2007;NA;NA;NA;9,46759259259259;818;0,379638655;1,898469079;180,6670822;90,29434715;82,4918858;-0,0948996599338191;-0,207861345;0,5875;"Sheriff, M. J., Speakman, J. R., Kuchel, L., Boutin, S., & Humphries, M. M. (2009). The cold shoulder: Free-ranging snowshoe hares maintain a low cost of living in cold climates. Canadian Journal of Zoology, 87(10), 956-964. https://doi.org/10.1139/Z09-087"
"364";364;364;7965;"Mammal";"Mammalia";"Lagomorpha";"Leporidae";"Lepus";"Lepus_americanus";1400;60,95;-138,2;NA;"March - October 2007";"2007-03-01";"2007-10-30";0;0;1;1;1;1;1;1;1;1;0;0;2007;NA;NA;NA;11,1574074074074;964;0,379638655;1,898469079;180,6670822;90,29434715;82,4918858;0,0432215659322116;-0,207861345;0,5875;"Sheriff, M. J., Speakman, J. R., Kuchel, L., Boutin, S., & Humphries, M. M. (2009). The cold shoulder: Free-ranging snowshoe hares maintain a low cost of living in cold climates. Canadian Journal of Zoology, 87(10), 956-964. https://doi.org/10.1139/Z09-087"
"365";365;365;7966;"Mammal";"Mammalia";"Lagomorpha";"Leporidae";"Lepus";"Lepus_americanus";1420;60,95;-138,2;NA;"March - October 2007";"2007-03-01";"2007-10-30";0;0;1;1;1;1;1;1;1;1;0;0;2007;NA;NA;NA;12,7314814814815;1100;0,379638655;1,898469079;180,6670822;90,29434715;82,4918858;0,165012814515389;-0,207861345;0,5875;"Sheriff, M. J., Speakman, J. R., Kuchel, L., Boutin, S., & Humphries, M. M. (2009). The cold shoulder: Free-ranging snowshoe hares maintain a low cost of living in cold climates. Canadian Journal of Zoology, 87(10), 956-964. https://doi.org/10.1139/Z09-087"
"366";366;366;7967;"Mammal";"Mammalia";"Lagomorpha";"Leporidae";"Lepus";"Lepus_americanus";1430;60,95;-138,2;NA;"March - October 2007";"2007-03-01";"2007-10-30";0;0;1;1;1;1;1;1;1;1;0;0;2007;NA;NA;NA;12,8472222222222;1110;0,379638655;1,898469079;180,6670822;90,29434715;82,4918858;0,169024850325309;-0,207861345;0,5875;"Sheriff, M. J., Speakman, J. R., Kuchel, L., Boutin, S., & Humphries, M. M. (2009). The cold shoulder: Free-ranging snowshoe hares maintain a low cost of living in cold climates. Canadian Journal of Zoology, 87(10), 956-964. https://doi.org/10.1139/Z09-087"
"367";367;367;7968;"Mammal";"Mammalia";"Lagomorpha";"Leporidae";"Lepus";"Lepus_americanus";1440;60,95;-138,2;NA;"March - October 2007";"2007-03-01";"2007-10-30";0;0;1;1;1;1;1;1;1;1;0;0;2007;NA;NA;NA;11,6898148148148;1010;0,379638655;1,898469079;180,6670822;90,29434715;82,4918858;0,069612473047566;-0,207861345;0,5875;"Sheriff, M. J., Speakman, J. R., Kuchel, L., Boutin, S., & Humphries, M. M. (2009). The cold shoulder: Free-ranging snowshoe hares maintain a low cost of living in cold climates. Canadian Journal of Zoology, 87(10), 956-964. https://doi.org/10.1139/Z09-087"
"368";368;368;7969;"Mammal";"Mammalia";"Lagomorpha";"Leporidae";"Lepus";"Lepus_americanus";1530;60,95;-138,2;NA;"March - October 2007";"2007-03-01";"2007-10-30";0;0;1;1;1;1;1;1;1;1;0;0;2007;NA;NA;NA;13,7731481481481;1190;0,379638655;1,898469079;180,6670822;90,29434715;82,4918858;0,190094032859218;-0,207861345;0,5875;"Sheriff, M. J., Speakman, J. R., Kuchel, L., Boutin, S., & Humphries, M. M. (2009). The cold shoulder: Free-ranging snowshoe hares maintain a low cost of living in cold climates. Canadian Journal of Zoology, 87(10), 956-964. https://doi.org/10.1139/Z09-087"
"369";369;369;7970;"Mammal";"Mammalia";"Lagomorpha";"Leporidae";"Lepus";"Lepus_americanus";1540;60,95;-138,2;NA;"March - October 2007";"2007-03-01";"2007-10-30";0;0;1;1;1;1;1;1;1;1;0;0;2007;NA;NA;NA;10,9722222222222;948;0,379638655;1,898469079;180,6670822;90,29434715;82,4918858;-0,04193683308619;-0,207861345;0,5875;"Sheriff, M. J., Speakman, J. R., Kuchel, L., Boutin, S., & Humphries, M. M. (2009). The cold shoulder: Free-ranging snowshoe hares maintain a low cost of living in cold climates. Canadian Journal of Zoology, 87(10), 956-964. https://doi.org/10.1139/Z09-087"
"370";370;370;7971;"Mammal";"Mammalia";"Lagomorpha";"Leporidae";"Lepus";"Lepus_americanus";1700;60,95;-138,2;NA;"March - October 2007";"2007-03-01";"2007-10-30";0;0;1;1;1;1;1;1;1;1;0;0;2007;NA;NA;NA;11,6898148148148;1010;0,379638655;1,898469079;180,6670822;90,29434715;82,4918858;-0,0495455204790831;-0,207861345;0,5875;"Sheriff, M. J., Speakman, J. R., Kuchel, L., Boutin, S., & Humphries, M. M. (2009). The cold shoulder: Free-ranging snowshoe hares maintain a low cost of living in cold climates. Canadian Journal of Zoology, 87(10), 956-964. https://doi.org/10.1139/Z09-087"
"371";371;371;7882;"Mammal";"Mammalia";"Primates";"Lemuridae";"Eulemur";"Eulemur_fulvus";1110;-25,0048333333333;46,3228333333333;NA;"March 2006";"2006-03-01";"2006-03-31";0;0;1;0;0;0;0;0;0;0;0;0;2006;NA;NA;NA;5,02314814814815;434;27,94752673;28,0968734;221,6093156;78,39480815;78,45655557;-0,588195657839741;3,14752673;24,8;"Simmen, B., Bayart, F., Rasamimanana, H., Zahariev, A., Blanc, S., & Pasquet, P. (2010). Total Energy Expenditure and Body Composition in Two Free-Living Sympatric Lemurs. PLOS ONE, 5(3), e9860. https://doi.org/10.1371/journal.pone.0009860"
"372";372;372;7883;"Mammal";"Mammalia";"Primates";"Lemuridae";"Eulemur";"Eulemur_fulvus";1582;-25,0048333333333;46,3228333333333;NA;"March 2006";"2006-03-01";"2006-03-31";0;0;1;0;0;0;0;0;0;0;0;0;2006;NA;NA;NA;6,73611111111111;582;27,94752673;28,0968734;221,6093156;78,39480815;78,45655557;-0,5491373044266;3,14752673;24,8;"Simmen, B., Bayart, F., Rasamimanana, H., Zahariev, A., Blanc, S., & Pasquet, P. (2010). Total Energy Expenditure and Body Composition in Two Free-Living Sympatric Lemurs. PLOS ONE, 5(3), e9860. https://doi.org/10.1371/journal.pone.0009860"
"373";373;373;7884;"Mammal";"Mammalia";"Primates";"Lemuridae";"Eulemur";"Eulemur_fulvus";1582;-25,0048333333333;46,3228333333333;NA;"March 2006";"2006-03-01";"2006-03-31";0;0;1;0;0;0;0;0;0;0;0;0;2006;NA;NA;NA;7,01388888888889;606;27,94752673;28,0968734;221,6093156;78,39480815;78,45655557;-0,508727766088723;3,14752673;24,8;"Simmen, B., Bayart, F., Rasamimanana, H., Zahariev, A., Blanc, S., & Pasquet, P. (2010). Total Energy Expenditure and Body Composition in Two Free-Living Sympatric Lemurs. PLOS ONE, 5(3), e9860. https://doi.org/10.1371/journal.pone.0009860"
"374";374;374;7885;"Mammal";"Mammalia";"Primates";"Lemuridae";"Eulemur";"Eulemur_fulvus";1674;-25,0048333333333;46,3228333333333;NA;"March 2006";"2006-03-01";"2006-03-31";0;0;1;0;0;0;0;0;0;0;0;0;2006;NA;NA;NA;6,40046296296296;553;27,94752673;28,0968734;221,6093156;78,39480815;78,45655557;-0,64082890781029;3,14752673;24,8;"Simmen, B., Bayart, F., Rasamimanana, H., Zahariev, A., Blanc, S., & Pasquet, P. (2010). Total Energy Expenditure and Body Composition in Two Free-Living Sympatric Lemurs. PLOS ONE, 5(3), e9860. https://doi.org/10.1371/journal.pone.0009860"
"375";375;375;7886;"Mammal";"Mammalia";"Primates";"Lemuridae";"Eulemur";"Eulemur_fulvus";1688;-25,0048333333333;46,3228333333333;NA;"March 2006";"2006-03-01";"2006-03-31";0;0;1;0;0;0;0;0;0;0;0;0;2006;NA;NA;NA;7,07175925925926;611;27,94752673;28,0968734;221,6093156;78,39480815;78,45655557;-0,547068788512875;3,14752673;24,8;"Simmen, B., Bayart, F., Rasamimanana, H., Zahariev, A., Blanc, S., & Pasquet, P. (2010). Total Energy Expenditure and Body Composition in Two Free-Living Sympatric Lemurs. PLOS ONE, 5(3), e9860. https://doi.org/10.1371/journal.pone.0009860"
"376";376;376;7887;"Mammal";"Mammalia";"Primates";"Lemuridae";"Eulemur";"Eulemur_fulvus";1762;-25,0048333333333;46,3228333333333;NA;"March 2006";"2006-03-01";"2006-03-31";0;0;1;0;0;0;0;0;0;0;0;0;2006;NA;NA;NA;8,04398148148148;695;27,94752673;28,0968734;221,6093156;78,39480815;78,45655557;-0,449054788514045;3,14752673;24,8;"Simmen, B., Bayart, F., Rasamimanana, H., Zahariev, A., Blanc, S., & Pasquet, P. (2010). Total Energy Expenditure and Body Composition in Two Free-Living Sympatric Lemurs. PLOS ONE, 5(3), e9860. https://doi.org/10.1371/journal.pone.0009860"
"377";377;377;7888;"Mammal";"Mammalia";"Primates";"Lemuridae";"Eulemur";"Eulemur_fulvus";1806;-25,0048333333333;46,3228333333333;NA;"March 2006";"2006-03-01";"2006-03-31";0;0;1;0;0;0;0;0;0;0;0;0;2006;NA;NA;NA;5,52083333333333;477;27,94752673;28,0968734;221,6093156;78,39480815;78,45655557;-0,84315668796803;3,14752673;24,8;"Simmen, B., Bayart, F., Rasamimanana, H., Zahariev, A., Blanc, S., & Pasquet, P. (2010). Total Energy Expenditure and Body Composition in Two Free-Living Sympatric Lemurs. PLOS ONE, 5(3), e9860. https://doi.org/10.1371/journal.pone.0009860"
"378";378;378;7889;"Mammal";"Mammalia";"Primates";"Lemuridae";"Eulemur";"Eulemur_fulvus";1806;-25,0048333333333;46,3228333333333;NA;"March 2006";"2006-03-01";"2006-03-31";0;0;1;0;0;0;0;0;0;0;0;0;2006;NA;NA;NA;6,25;540;27,94752673;28,0968734;221,6093156;78,39480815;78,45655557;-0,719104039298052;3,14752673;24,8;"Simmen, B., Bayart, F., Rasamimanana, H., Zahariev, A., Blanc, S., & Pasquet, P. (2010). Total Energy Expenditure and Body Composition in Two Free-Living Sympatric Lemurs. PLOS ONE, 5(3), e9860. https://doi.org/10.1371/journal.pone.0009860"
"379";379;379;7890;"Mammal";"Mammalia";"Primates";"Lemuridae";"Eulemur";"Eulemur_fulvus";1966;-25,0048333333333;46,3228333333333;NA;"March 2006";"2006-03-01";"2006-03-31";0;0;1;0;0;0;0;0;0;0;0;0;2006;NA;NA;NA;7,19907407407407;622;27,94752673;28,0968734;221,6093156;78,39480815;78,45655557;-0,638671752812594;3,14752673;24,8;"Simmen, B., Bayart, F., Rasamimanana, H., Zahariev, A., Blanc, S., & Pasquet, P. (2010). Total Energy Expenditure and Body Composition in Two Free-Living Sympatric Lemurs. PLOS ONE, 5(3), e9860. https://doi.org/10.1371/journal.pone.0009860"
"380";380;380;7891;"Mammal";"Mammalia";"Primates";"Lemuridae";"Eulemur";"Eulemur_fulvus";2038;-25,0048333333333;46,3228333333333;NA;"March 2006";"2006-03-01";"2006-03-31";0;0;1;0;0;0;0;0;0;0;0;0;2006;NA;NA;NA;6,11111111111111;528;27,94752673;28,0968734;221,6093156;78,39480815;78,45655557;-0,828336333624486;3,14752673;24,8;"Simmen, B., Bayart, F., Rasamimanana, H., Zahariev, A., Blanc, S., & Pasquet, P. (2010). Total Energy Expenditure and Body Composition in Two Free-Living Sympatric Lemurs. PLOS ONE, 5(3), e9860. https://doi.org/10.1371/journal.pone.0009860"
"381";381;381;7892;"Mammal";"Mammalia";"Primates";"Lemuridae";"Eulemur";"Eulemur_fulvus";2166;-25,0048333333333;46,3228333333333;NA;"March 2006";"2006-03-01";"2006-03-31";0;0;1;0;0;0;0;0;0;0;0;0;2006;NA;NA;NA;9,15509259259259;791;27,94752673;28,0968734;221,6093156;78,39480815;78,45655557;-0,467863241432974;3,14752673;24,8;"Simmen, B., Bayart, F., Rasamimanana, H., Zahariev, A., Blanc, S., & Pasquet, P. (2010). Total Energy Expenditure and Body Composition in Two Free-Living Sympatric Lemurs. PLOS ONE, 5(3), e9860. https://doi.org/10.1371/journal.pone.0009860"
"382";382;382;7893;"Mammal";"Mammalia";"Primates";"Lemuridae";"Eulemur";"Eulemur_fulvus";2172;-25,0048333333333;46,3228333333333;NA;"March 2006";"2006-03-01";"2006-03-31";0;0;1;0;0;0;0;0;0;0;0;0;2006;NA;NA;NA;8,10185185185185;700;27,94752673;28,0968734;221,6093156;78,39480815;78,45655557;-0,592066721931395;3,14752673;24,8;"Simmen, B., Bayart, F., Rasamimanana, H., Zahariev, A., Blanc, S., & Pasquet, P. (2010). Total Energy Expenditure and Body Composition in Two Free-Living Sympatric Lemurs. PLOS ONE, 5(3), e9860. https://doi.org/10.1371/journal.pone.0009860"
"383";383;383;7931;"Mammal";"Mammalia";"Primates";"Lemuridae";"Lemur";"Lemur_catta";1770;-25,0048333333333;46,3228333333333;NA;"March 2006";"2006-03-01";"2006-03-31";0;0;1;0;0;0;0;0;0;0;0;0;2006;NA;NA;NA;5,32407407407407;460;27,94752673;28,0968734;221,6093156;78,39480815;78,45655557;-0,864992170598994;3,14752673;24,8;"Simmen, B., Bayart, F., Rasamimanana, H., Zahariev, A., Blanc, S., & Pasquet, P. (2010). Total Energy Expenditure and Body Composition in Two Free-Living Sympatric Lemurs. PLOS ONE, 5(3), e9860. https://doi.org/10.1371/journal.pone.0009860"
"384";384;384;7932;"Mammal";"Mammalia";"Primates";"Lemuridae";"Lemur";"Lemur_catta";2038;-25,0048333333333;46,3228333333333;NA;"March 2006";"2006-03-01";"2006-03-31";0;0;1;0;0;0;0;0;0;0;0;0;2006;NA;NA;NA;6,15740740740741;532;27,94752673;28,0968734;221,6093156;78,39480815;78,45655557;-0,820789127989103;3,14752673;24,8;"Simmen, B., Bayart, F., Rasamimanana, H., Zahariev, A., Blanc, S., & Pasquet, P. (2010). Total Energy Expenditure and Body Composition in Two Free-Living Sympatric Lemurs. PLOS ONE, 5(3), e9860. https://doi.org/10.1371/journal.pone.0009860"
"385";385;385;7933;"Mammal";"Mammalia";"Primates";"Lemuridae";"Lemur";"Lemur_catta";2088;-25,0048333333333;46,3228333333333;NA;"March 2006";"2006-03-01";"2006-03-31";0;0;1;0;0;0;0;0;0;0;0;0;2006;NA;NA;NA;6,85185185185185;592;27,94752673;28,0968734;221,6093156;78,39480815;78,45655557;-0,731325852943438;3,14752673;24,8;"Simmen, B., Bayart, F., Rasamimanana, H., Zahariev, A., Blanc, S., & Pasquet, P. (2010). Total Energy Expenditure and Body Composition in Two Free-Living Sympatric Lemurs. PLOS ONE, 5(3), e9860. https://doi.org/10.1371/journal.pone.0009860"
"386";386;386;7934;"Mammal";"Mammalia";"Primates";"Lemuridae";"Lemur";"Lemur_catta";2122;-25,0048333333333;46,3228333333333;NA;"March 2006";"2006-03-01";"2006-03-31";0;0;1;0;0;0;0;0;0;0;0;0;2006;NA;NA;NA;7,87037037037037;680;27,94752673;28,0968734;221,6093156;78,39480815;78,45655557;-0,604335209892482;3,14752673;24,8;"Simmen, B., Bayart, F., Rasamimanana, H., Zahariev, A., Blanc, S., & Pasquet, P. (2010). Total Energy Expenditure and Body Composition in Two Free-Living Sympatric Lemurs. PLOS ONE, 5(3), e9860. https://doi.org/10.1371/journal.pone.0009860"
"387";387;387;7935;"Mammal";"Mammalia";"Primates";"Lemuridae";"Lemur";"Lemur_catta";2206;-25,0048333333333;46,3228333333333;NA;"March 2006";"2006-03-01";"2006-03-31";0;0;1;0;0;0;0;0;0;0;0;0;2006;NA;NA;NA;9,94212962962963;859;27,94752673;28,0968734;221,6093156;78,39480815;78,45655557;-0,398528674116967;3,14752673;24,8;"Simmen, B., Bayart, F., Rasamimanana, H., Zahariev, A., Blanc, S., & Pasquet, P. (2010). Total Energy Expenditure and Body Composition in Two Free-Living Sympatric Lemurs. PLOS ONE, 5(3), e9860. https://doi.org/10.1371/journal.pone.0009860"
"388";388;388;7936;"Mammal";"Mammalia";"Primates";"Lemuridae";"Lemur";"Lemur_catta";2380;-25,0048333333333;46,3228333333333;NA;"March 2006";"2006-03-01";"2006-03-31";0;0;1;0;0;0;0;0;0;0;0;0;2006;NA;NA;NA;8,51851851851852;736;27,94752673;28,0968734;221,6093156;78,39480815;78,45655557;-0,607568882697917;3,14752673;24,8;"Simmen, B., Bayart, F., Rasamimanana, H., Zahariev, A., Blanc, S., & Pasquet, P. (2010). Total Energy Expenditure and Body Composition in Two Free-Living Sympatric Lemurs. PLOS ONE, 5(3), e9860. https://doi.org/10.1371/journal.pone.0009860"
"389";389;389;7937;"Mammal";"Mammalia";"Primates";"Lemuridae";"Lemur";"Lemur_catta";2410;-25,0048333333333;46,3228333333333;NA;"March 2006";"2006-03-01";"2006-03-31";0;0;1;0;0;0;0;0;0;0;0;0;2006;NA;NA;NA;5,09259259259259;440;27,94752673;28,0968734;221,6093156;78,39480815;78,45655557;-1,13101666991301;3,14752673;24,8;"Simmen, B., Bayart, F., Rasamimanana, H., Zahariev, A., Blanc, S., & Pasquet, P. (2010). Total Energy Expenditure and Body Composition in Two Free-Living Sympatric Lemurs. PLOS ONE, 5(3), e9860. https://doi.org/10.1371/journal.pone.0009860"
"390";390;390;7938;"Mammal";"Mammalia";"Primates";"Lemuridae";"Lemur";"Lemur_catta";2438;-25,0048333333333;46,3228333333333;NA;"March 2006";"2006-03-01";"2006-03-31";0;0;1;0;0;0;0;0;0;0;0;0;2006;NA;NA;NA;7,34953703703704;635;27,94752673;28,0968734;221,6093156;78,39480815;78,45655557;-0,772458873947025;3,14752673;24,8;"Simmen, B., Bayart, F., Rasamimanana, H., Zahariev, A., Blanc, S., & Pasquet, P. (2010). Total Energy Expenditure and Body Composition in Two Free-Living Sympatric Lemurs. PLOS ONE, 5(3), e9860. https://doi.org/10.1371/journal.pone.0009860"
"391";391;391;7939;"Mammal";"Mammalia";"Primates";"Lemuridae";"Lemur";"Lemur_catta";2504;-25,0048333333333;46,3228333333333;NA;"March 2006";"2006-03-01";"2006-03-31";0;0;1;0;0;0;0;0;0;0;0;0;2006;NA;NA;NA;5,75231481481481;497;27,94752673;28,0968734;221,6093156;78,39480815;78,45655557;-1,03666953632288;3,14752673;24,8;"Simmen, B., Bayart, F., Rasamimanana, H., Zahariev, A., Blanc, S., & Pasquet, P. (2010). Total Energy Expenditure and Body Composition in Two Free-Living Sympatric Lemurs. PLOS ONE, 5(3), e9860. https://doi.org/10.1371/journal.pone.0009860"
"392";392;392;7940;"Mammal";"Mammalia";"Primates";"Lemuridae";"Lemur";"Lemur_catta";2646;-25,0048333333333;46,3228333333333;NA;"March 2006";"2006-03-01";"2006-03-31";0;0;1;0;0;0;0;0;0;0;0;0;2006;NA;NA;NA;8,92361111111111;771;27,94752673;28,0968734;221,6093156;78,39480815;78,45655557;-0,637169365198048;3,14752673;24,8;"Simmen, B., Bayart, F., Rasamimanana, H., Zahariev, A., Blanc, S., & Pasquet, P. (2010). Total Energy Expenditure and Body Composition in Two Free-Living Sympatric Lemurs. PLOS ONE, 5(3), e9860. https://doi.org/10.1371/journal.pone.0009860"
"393";393;393;7823;"Mammal";"Mammalia";"Chiroptera";"Phyllostomidae";"Carollia";"Carollia_brevicauda";7,9;10,4166666666667;-84;62;"November - December 2002";"2002-11-01";"2002-12-31";0;0;0;0;0;0;0;0;0;0;1;1;2002;NA;NA;NA;0,457175925925926;39,5;25,96297949;26,20599951;180,3934534;81,42030564;80,88498698;0,565175740284747;0,912979490000001;25,05;"Voigt, C. C., Kelm, D. H., & Visser, G. H. (2006). Field metabolic rates of phytophagous bats: Do pollination strategies of plants make life of nectar-feeders spin faster? Journal of Comparative Physiology B, 176(3), 213-222. https://doi.org/10.1007/s00360-005-0042-y"
"394";394;394;7824;"Mammal";"Mammalia";"Chiroptera";"Phyllostomidae";"Carollia";"Carollia_brevicauda";8;10,4166666666667;-84;62;"November - December 2002";"2002-11-01";"2002-12-31";0;0;0;0;0;0;0;0;0;0;1;1;2002;NA;NA;NA;0,469907407407407;40,6;25,96297949;26,20599951;180,3934534;81,42030564;80,88498698;0,583613034630676;0,912979490000001;25,05;"Voigt, C. C., Kelm, D. H., & Visser, G. H. (2006). Field metabolic rates of phytophagous bats: Do pollination strategies of plants make life of nectar-feeders spin faster? Journal of Comparative Physiology B, 176(3), 213-222. https://doi.org/10.1007/s00360-005-0042-y"
"395";395;395;7825;"Mammal";"Mammalia";"Chiroptera";"Phyllostomidae";"Carollia";"Carollia_brevicauda";8,2;10,4166666666667;-84;62;"November - December 2002";"2002-11-01";"2002-12-31";0;0;0;0;0;0;0;0;0;0;1;1;2002;NA;NA;NA;0,444444444444444;38,4;25,96297949;26,20599951;180,3934534;81,42030564;80,88498698;0,510176008155435;0,912979490000001;25,05;"Voigt, C. C., Kelm, D. H., & Visser, G. H. (2006). Field metabolic rates of phytophagous bats: Do pollination strategies of plants make life of nectar-feeders spin faster? Journal of Comparative Physiology B, 176(3), 213-222. https://doi.org/10.1007/s00360-005-0042-y"
"396";396;396;7826;"Mammal";"Mammalia";"Chiroptera";"Phyllostomidae";"Carollia";"Carollia_brevicauda";8,2;10,4166666666667;-84;62;"November - December 2002";"2002-11-01";"2002-12-31";0;0;0;0;0;0;0;0;0;0;1;1;2002;NA;NA;NA;0,607638888888889;52,5;25,96297949;26,20599951;180,3934534;81,42030564;80,88498698;0,822931718159332;0,912979490000001;25,05;"Voigt, C. C., Kelm, D. H., & Visser, G. H. (2006). Field metabolic rates of phytophagous bats: Do pollination strategies of plants make life of nectar-feeders spin faster? Journal of Comparative Physiology B, 176(3), 213-222. https://doi.org/10.1007/s00360-005-0042-y"
"397";397;397;7827;"Mammal";"Mammalia";"Chiroptera";"Phyllostomidae";"Carollia";"Carollia_brevicauda";8,5;10,4166666666667;-84;62;"November - December 2002";"2002-11-01";"2002-12-31";0;0;0;0;0;0;0;0;0;0;1;1;2002;NA;NA;NA;0,474537037037037;41;25,96297949;26,20599951;180,3934534;81,42030564;80,88498698;0,549895618268679;0,912979490000001;25,05;"Voigt, C. C., Kelm, D. H., & Visser, G. H. (2006). Field metabolic rates of phytophagous bats: Do pollination strategies of plants make life of nectar-feeders spin faster? Journal of Comparative Physiology B, 176(3), 213-222. https://doi.org/10.1007/s00360-005-0042-y"
"398";398;398;7828;"Mammal";"Mammalia";"Chiroptera";"Phyllostomidae";"Carollia";"Carollia_brevicauda";8,7;10,4166666666667;-84;62;"November - December 2002";"2002-11-01";"2002-12-31";0;0;0;0;0;0;0;0;0;0;1;1;2002;NA;NA;NA;0,537037037037037;46,4;25,96297949;26,20599951;180,3934534;81,42030564;80,88498698;0,656927292894431;0,912979490000001;25,05;"Voigt, C. C., Kelm, D. H., & Visser, G. H. (2006). Field metabolic rates of phytophagous bats: Do pollination strategies of plants make life of nectar-feeders spin faster? Journal of Comparative Physiology B, 176(3), 213-222. https://doi.org/10.1007/s00360-005-0042-y"
"399";399;399;7829;"Mammal";"Mammalia";"Chiroptera";"Phyllostomidae";"Carollia";"Carollia_brevicauda";9;10,4166666666667;-84;62;"November - December 2002";"2002-11-01";"2002-12-31";0;0;0;0;0;0;0;0;0;0;1;1;2002;NA;NA;NA;0,498842592592593;43,1;25,96297949;26,20599951;180,3934534;81,42030564;80,88498698;0,558813465772959;0,912979490000001;25,05;"Voigt, C. C., Kelm, D. H., & Visser, G. H. (2006). Field metabolic rates of phytophagous bats: Do pollination strategies of plants make life of nectar-feeders spin faster? Journal of Comparative Physiology B, 176(3), 213-222. https://doi.org/10.1007/s00360-005-0042-y"
"400";400;400;7830;"Mammal";"Mammalia";"Chiroptera";"Phyllostomidae";"Carollia";"Carollia_brevicauda";9;10,4166666666667;-84;62;"November - December 2002";"2002-11-01";"2002-12-31";0;0;0;0;0;0;0;0;0;0;1;1;2002;NA;NA;NA;0,505787037037037;43,7;25,96297949;26,20599951;180,3934534;81,42030564;80,88498698;0,572638570764802;0,912979490000001;25,05;"Voigt, C. C., Kelm, D. H., & Visser, G. H. (2006). Field metabolic rates of phytophagous bats: Do pollination strategies of plants make life of nectar-feeders spin faster? Journal of Comparative Physiology B, 176(3), 213-222. https://doi.org/10.1007/s00360-005-0042-y"
"401";401;401;7831;"Mammal";"Mammalia";"Chiroptera";"Phyllostomidae";"Carollia";"Carollia_brevicauda";9,4;10,4166666666667;-84;62;"November - December 2002";"2002-11-01";"2002-12-31";0;0;0;0;0;0;0;0;0;0;1;1;2002;NA;NA;NA;0,672453703703704;58,1;25,96297949;26,20599951;180,3934534;81,42030564;80,88498698;0,826238887616744;0,912979490000001;25,05;"Voigt, C. C., Kelm, D. H., & Visser, G. H. (2006). Field metabolic rates of phytophagous bats: Do pollination strategies of plants make life of nectar-feeders spin faster? Journal of Comparative Physiology B, 176(3), 213-222. https://doi.org/10.1007/s00360-005-0042-y"
"402";402;402;7832;"Mammal";"Mammalia";"Chiroptera";"Phyllostomidae";"Carollia";"Carollia_brevicauda";9,9;10,4166666666667;-84;62;"November - December 2002";"2002-11-01";"2002-12-31";0;0;0;0;0;0;0;0;0;0;1;1;2002;NA;NA;NA;0,623842592592593;53,9;25,96297949;26,20599951;180,3934534;81,42030564;80,88498698;0,713999339915332;0,912979490000001;25,05;"Voigt, C. C., Kelm, D. H., & Visser, G. H. (2006). Field metabolic rates of phytophagous bats: Do pollination strategies of plants make life of nectar-feeders spin faster? Journal of Comparative Physiology B, 176(3), 213-222. https://doi.org/10.1007/s00360-005-0042-y"
"403";403;403;7894;"Mammal";"Mammalia";"Chiroptera";"Phyllostomidae";"Glossophaga";"Glossophaga_commissarisi";15,4;10,4166666666667;-84;62;"November - December 2002";"2002-11-01";"2002-12-31";0;0;0;0;0;0;0;0;0;0;1;1;2002;NA;NA;NA;0,435185185185185;37,6;25,96297949;26,20599951;180,3934534;81,42030564;80,88498698;0,0366884642157921;0,912979490000001;25,05;"Voigt, C. C., Kelm, D. H., & Visser, G. H. (2006). Field metabolic rates of phytophagous bats: Do pollination strategies of plants make life of nectar-feeders spin faster? Journal of Comparative Physiology B, 176(3), 213-222. https://doi.org/10.1007/s00360-005-0042-y"
"404";404;404;7895;"Mammal";"Mammalia";"Chiroptera";"Phyllostomidae";"Glossophaga";"Glossophaga_commissarisi";16,2;10,4166666666667;-84;62;"November - December 2002";"2002-11-01";"2002-12-31";0;0;0;0;0;0;0;0;0;0;1;1;2002;NA;NA;NA;0,537037037037037;46,4;25,96297949;26,20599951;180,3934534;81,42030564;80,88498698;0,210627572245893;0,912979490000001;25,05;"Voigt, C. C., Kelm, D. H., & Visser, G. H. (2006). Field metabolic rates of phytophagous bats: Do pollination strategies of plants make life of nectar-feeders spin faster? Journal of Comparative Physiology B, 176(3), 213-222. https://doi.org/10.1007/s00360-005-0042-y"
"405";405;405;7896;"Mammal";"Mammalia";"Chiroptera";"Phyllostomidae";"Glossophaga";"Glossophaga_commissarisi";16,9;10,4166666666667;-84;62;"November - December 2002";"2002-11-01";"2002-12-31";0;0;0;0;0;0;0;0;0;0;1;1;2002;NA;NA;NA;0,524305555555556;45,3;25,96297949;26,20599951;180,3934534;81,42030564;80,88498698;0,156266964579686;0,912979490000001;25,05;"Voigt, C. C., Kelm, D. H., & Visser, G. H. (2006). Field metabolic rates of phytophagous bats: Do pollination strategies of plants make life of nectar-feeders spin faster? Journal of Comparative Physiology B, 176(3), 213-222. https://doi.org/10.1007/s00360-005-0042-y"
"406";406;406;7897;"Mammal";"Mammalia";"Chiroptera";"Phyllostomidae";"Glossophaga";"Glossophaga_commissarisi";18,2;10,4166666666667;-84;62;"November - December 2002";"2002-11-01";"2002-12-31";0;0;0;0;0;0;0;0;0;0;1;1;2002;NA;NA;NA;0,466435185185185;40,3;25,96297949;26,20599951;180,3934534;81,42030564;80,88498698;-0,0138894903168058;0,912979490000001;25,05;"Voigt, C. C., Kelm, D. H., & Visser, G. H. (2006). Field metabolic rates of phytophagous bats: Do pollination strategies of plants make life of nectar-feeders spin faster? Journal of Comparative Physiology B, 176(3), 213-222. https://doi.org/10.1007/s00360-005-0042-y"
"407";407;407;7898;"Mammal";"Mammalia";"Chiroptera";"Phyllostomidae";"Glossophaga";"Glossophaga_commissarisi";18,4;10,4166666666667;-84;62;"November - December 2002";"2002-11-01";"2002-12-31";0;0;0;0;0;0;0;0;0;0;1;1;2002;NA;NA;NA;0,462962962962963;40;25,96297949;26,20599951;180,3934534;81,42030564;80,88498698;-0,0292073046984263;0,912979490000001;25,05;"Voigt, C. C., Kelm, D. H., & Visser, G. H. (2006). Field metabolic rates of phytophagous bats: Do pollination strategies of plants make life of nectar-feeders spin faster? Journal of Comparative Physiology B, 176(3), 213-222. https://doi.org/10.1007/s00360-005-0042-y"
"408";408;408;7899;"Mammal";"Mammalia";"Chiroptera";"Phyllostomidae";"Glossophaga";"Glossophaga_commissarisi";18,4;10,4166666666667;-84;62;"November - December 2002";"2002-11-01";"2002-12-31";0;0;0;0;0;0;0;0;0;0;1;1;2002;NA;NA;NA;0,549768518518518;47,5;25,96297949;26,20599951;180,3934534;81,42030564;80,88498698;0,142642952228233;0,912979490000001;25,05;"Voigt, C. C., Kelm, D. H., & Visser, G. H. (2006). Field metabolic rates of phytophagous bats: Do pollination strategies of plants make life of nectar-feeders spin faster? Journal of Comparative Physiology B, 176(3), 213-222. https://doi.org/10.1007/s00360-005-0042-y"
"409";409;409;7900;"Mammal";"Mammalia";"Chiroptera";"Phyllostomidae";"Glossophaga";"Glossophaga_commissarisi";18,4;10,4166666666667;-84;62;"November - December 2002";"2002-11-01";"2002-12-31";0;0;0;0;0;0;0;0;0;0;1;1;2002;NA;NA;NA;0,59375;51,3;25,96297949;26,20599951;180,3934534;81,42030564;80,88498698;0,219603993364361;0,912979490000001;25,05;"Voigt, C. C., Kelm, D. H., & Visser, G. H. (2006). Field metabolic rates of phytophagous bats: Do pollination strategies of plants make life of nectar-feeders spin faster? Journal of Comparative Physiology B, 176(3), 213-222. https://doi.org/10.1007/s00360-005-0042-y"
"410";410;410;7901;"Mammal";"Mammalia";"Chiroptera";"Phyllostomidae";"Glossophaga";"Glossophaga_commissarisi";18,7;10,4166666666667;-84;62;"November - December 2002";"2002-11-01";"2002-12-31";0;0;0;0;0;0;0;0;0;0;1;1;2002;NA;NA;NA;0,622685185185185;53,8;25,96297949;26,20599951;180,3934534;81,42030564;80,88498698;0,255576479351628;0,912979490000001;25,05;"Voigt, C. C., Kelm, D. H., & Visser, G. H. (2006). Field metabolic rates of phytophagous bats: Do pollination strategies of plants make life of nectar-feeders spin faster? Journal of Comparative Physiology B, 176(3), 213-222. https://doi.org/10.1007/s00360-005-0042-y"
"411";411;411;7902;"Mammal";"Mammalia";"Chiroptera";"Phyllostomidae";"Glossophaga";"Glossophaga_commissarisi";18,9;10,4166666666667;-84;62;"November - December 2002";"2002-11-01";"2002-12-31";0;0;0;0;0;0;0;0;0;0;1;1;2002;NA;NA;NA;0,686342592592593;59,3;25,96297949;26,20599951;180,3934534;81,42030564;80,88498698;0,345275187515864;0,912979490000001;25,05;"Voigt, C. C., Kelm, D. H., & Visser, G. H. (2006). Field metabolic rates of phytophagous bats: Do pollination strategies of plants make life of nectar-feeders spin faster? Journal of Comparative Physiology B, 176(3), 213-222. https://doi.org/10.1007/s00360-005-0042-y"
"412";412;412;7903;"Mammal";"Mammalia";"Chiroptera";"Phyllostomidae";"Glossophaga";"Glossophaga_commissarisi";18,9;10,4166666666667;-84;62;"November - December 2002";"2002-11-01";"2002-12-31";0;0;0;0;0;0;0;0;0;0;1;1;2002;NA;NA;NA;0,824074074074074;71,2;25,96297949;26,20599951;180,3934534;81,42030564;80,88498698;0,528158699930114;0,912979490000001;25,05;"Voigt, C. C., Kelm, D. H., & Visser, G. H. (2006). Field metabolic rates of phytophagous bats: Do pollination strategies of plants make life of nectar-feeders spin faster? Journal of Comparative Physiology B, 176(3), 213-222. https://doi.org/10.1007/s00360-005-0042-y"
"413";413;413;7904;"Mammal";"Mammalia";"Chiroptera";"Phyllostomidae";"Glossophaga";"Glossophaga_commissarisi";19,4;10,4166666666667;-84;62;"November - December 2002";"2002-11-01";"2002-12-31";0;0;0;0;0;0;0;0;0;0;1;1;2002;NA;NA;NA;0,599537037037037;51,8;25,96297949;26,20599951;180,3934534;81,42030564;80,88498698;0,191311271002686;0,912979490000001;25,05;"Voigt, C. C., Kelm, D. H., & Visser, G. H. (2006). Field metabolic rates of phytophagous bats: Do pollination strategies of plants make life of nectar-feeders spin faster? Journal of Comparative Physiology B, 176(3), 213-222. https://doi.org/10.1007/s00360-005-0042-y"
"414";414;414;7905;"Mammal";"Mammalia";"Chiroptera";"Phyllostomidae";"Glossophaga";"Glossophaga_commissarisi";21,1;10,4166666666667;-84;62;"November - December 2002";"2002-11-01";"2002-12-31";0;0;0;0;0;0;0;0;0;0;1;1;2002;NA;NA;NA;0,643518518518518;55,6;25,96297949;26,20599951;180,3934534;81,42030564;80,88498698;0,201802126305459;0,912979490000001;25,05;"Voigt, C. C., Kelm, D. H., & Visser, G. H. (2006). Field metabolic rates of phytophagous bats: Do pollination strategies of plants make life of nectar-feeders spin faster? Journal of Comparative Physiology B, 176(3), 213-222. https://doi.org/10.1007/s00360-005-0042-y"
"415";415;415;7758;"Mammal";"Mammalia";"Chiroptera";"Phyllostomidae";"Anoura";"Anoura_caudifer";11,25;10,3666666666667;-67,6166666666667;NA;"April 1982";"1982-04-01";"1982-04-30";0;0;0;1;0;0;0;0;0;0;0;0;1982;NA;NA;NA;0,57087962962963;49,324;21,57976002;22,61209383;153,7509331;91,9216812;87,56292355;0,533510170243778;-0,82023998;22,4;"v. Helversen, O., & Reyer, H.-U. (1984). Nectar intake and energy expenditure in a flower visiting bat. Oecologia, 63(2), 178-184. https://doi.org/10.1007/BF00379875"
"416";416;416;7759;"Mammal";"Mammalia";"Chiroptera";"Phyllostomidae";"Anoura";"Anoura_caudifer";11,4;10,3666666666667;-67,6166666666667;NA;"April 1982";"1982-04-01";"1982-04-30";0;0;0;1;0;0;0;0;0;0;0;0;1982;NA;NA;NA;0,643449074074074;55,594;21,57976002;22,61209383;153,7509331;91,9216812;87,56292355;0,6436661440956;-0,82023998;22,4;"v. Helversen, O., & Reyer, H.-U. (1984). Nectar intake and energy expenditure in a flower visiting bat. Oecologia, 63(2), 178-184. https://doi.org/10.1007/BF00379875"
"417";417;417;7760;"Mammal";"Mammalia";"Chiroptera";"Phyllostomidae";"Anoura";"Anoura_caudifer";11,425;10,3666666666667;-67,6166666666667;NA;"April 1982";"1982-04-01";"1982-04-30";0;0;0;1;0;0;0;0;0;0;0;0;1982;NA;NA;NA;0,580555555555556;50,16;21,57976002;22,61209383;153,7509331;91,9216812;87,56292355;0,539236176400348;-0,82023998;22,4;"v. Helversen, O., & Reyer, H.-U. (1984). Nectar intake and energy expenditure in a flower visiting bat. Oecologia, 63(2), 178-184. https://doi.org/10.1007/BF00379875"
"418";418;418;7761;"Mammal";"Mammalia";"Chiroptera";"Phyllostomidae";"Anoura";"Anoura_caudifer";11,5;10,3666666666667;-67,6166666666667;NA;"April 1982";"1982-04-01";"1982-04-30";0;0;0;1;0;0;0;0;0;0;0;0;1982;NA;NA;NA;0,653125;56,43;21,57976002;22,61209383;153,7509331;91,9216812;87,56292355;0,652322029458528;-0,82023998;22,4;"v. Helversen, O., & Reyer, H.-U. (1984). Nectar intake and energy expenditure in a flower visiting bat. Oecologia, 63(2), 178-184. https://doi.org/10.1007/BF00379875"
"419";419;419;7762;"Mammal";"Mammalia";"Chiroptera";"Phyllostomidae";"Anoura";"Anoura_caudifer";11,525;10,3666666666667;-67,6166666666667;NA;"April 1982";"1982-04-01";"1982-04-30";0;0;0;1;0;0;0;0;0;0;0;0;1982;NA;NA;NA;0,575717592592593;49,742;21,57976002;22,61209383;153,7509331;91,9216812;87,56292355;0,524611821667588;-0,82023998;22,4;"v. Helversen, O., & Reyer, H.-U. (1984). Nectar intake and energy expenditure in a flower visiting bat. Oecologia, 63(2), 178-184. https://doi.org/10.1007/BF00379875"
"420";420;420;7763;"Mammal";"Mammalia";"Chiroptera";"Phyllostomidae";"Anoura";"Anoura_caudifer";11,775;10,3666666666667;-67,6166666666667;NA;"April 1982";"1982-04-01";"1982-04-30";0;0;0;1;0;0;0;0;0;0;0;0;1982;NA;NA;NA;0,614421296296296;53,086;21,57976002;22,61209383;153,7509331;91,9216812;87,56292355;0,57426959820836;-0,82023998;22,4;"v. Helversen, O., & Reyer, H.-U. (1984). Nectar intake and energy expenditure in a flower visiting bat. Oecologia, 63(2), 178-184. https://doi.org/10.1007/BF00379875"
"421";421;421;7743;"Mammal";"Mammalia";"Diprotodontia";"Potoroidae";"Aepyprymnus";"Aepyprymnus_rufescens";2700;-28,8833333333333;152,383333333333;NA;"January - March 1987";"1987-01-01";"1987-03-31";1;1;1;0;0;0;0;0;0;0;0;0;1987;NA;NA;NA;17,84375;1541,7;22,30179913;23,55442552;243,7078381;82,5042605;77,9874527;0,0412800534121229;0,301799129999999;22;"Wallis, I. R., & Green, B. (1992). Seasonal Field Energetics of the Rufous Rat-Kangaroo (Aepyprymnus-Rufescens). Australian Journal of Zoology, 40(3), 279-290. https://doi.org/10.1071/zo9920279"
"422";422;422;7744;"Mammal";"Mammalia";"Diprotodontia";"Potoroidae";"Aepyprymnus";"Aepyprymnus_rufescens";2725;-28,8833333333333;152,383333333333;NA;"January - March 1987";"1987-01-01";"1987-03-31";1;1;1;0;0;0;0;0;0;0;0;0;1987;NA;NA;NA;12,8628472222222;1111,35;22,30179913;23,55442552;243,7078381;82,5042605;77,9874527;-0,292646642464387;0,301799129999999;22;"Wallis, I. R., & Green, B. (1992). Seasonal Field Energetics of the Rufous Rat-Kangaroo (Aepyprymnus-Rufescens). Australian Journal of Zoology, 40(3), 279-290. https://doi.org/10.1071/zo9920279"
"423";423;423;7745;"Mammal";"Mammalia";"Diprotodontia";"Potoroidae";"Aepyprymnus";"Aepyprymnus_rufescens";2840;-28,8833333333333;152,383333333333;NA;"January - March 1987";"1987-01-01";"1987-03-31";1;1;1;0;0;0;0;0;0;0;0;0;1987;NA;NA;NA;16,8444444444444;1455,36;22,30179913;23,55442552;243,7078381;82,5042605;77,9874527;-0,0526430053066155;0,301799129999999;22;"Wallis, I. R., & Green, B. (1992). Seasonal Field Energetics of the Rufous Rat-Kangaroo (Aepyprymnus-Rufescens). Australian Journal of Zoology, 40(3), 279-290. https://doi.org/10.1071/zo9920279"
"424";424;424;7746;"Mammal";"Mammalia";"Diprotodontia";"Potoroidae";"Aepyprymnus";"Aepyprymnus_rufescens";2890;-28,8833333333333;152,383333333333;NA;"January - March 1987";"1987-01-01";"1987-03-31";1;1;1;0;0;0;0;0;0;0;0;0;1987;NA;NA;NA;18,9626157407407;1638,37;22,30179913;23,55442552;243,7078381;82,5042605;77,9874527;0,0532767210678251;0,301799129999999;22;"Wallis, I. R., & Green, B. (1992). Seasonal Field Energetics of the Rufous Rat-Kangaroo (Aepyprymnus-Rufescens). Australian Journal of Zoology, 40(3), 279-290. https://doi.org/10.1071/zo9920279"
"425";425;425;7747;"Mammal";"Mammalia";"Diprotodontia";"Potoroidae";"Aepyprymnus";"Aepyprymnus_rufescens";2900;-28,8833333333333;152,383333333333;NA;"January - March 1987";"1987-01-01";"1987-03-31";1;1;1;0;0;0;0;0;0;0;0;0;1987;NA;NA;NA;23,6631944444444;2044,5;22,30179913;23,55442552;243,7078381;82,5042605;77,9874527;0,272248398481458;0,301799129999999;22;"Wallis, I. R., & Green, B. (1992). Seasonal Field Energetics of the Rufous Rat-Kangaroo (Aepyprymnus-Rufescens). Australian Journal of Zoology, 40(3), 279-290. https://doi.org/10.1071/zo9920279"
"426";426;426;7748;"Mammal";"Mammalia";"Diprotodontia";"Potoroidae";"Aepyprymnus";"Aepyprymnus_rufescens";2940;-28,8833333333333;152,383333333333;NA;"January - March 1987";"1987-01-01";"1987-03-31";1;1;1;0;0;0;0;0;0;0;0;0;1987;NA;NA;NA;13,5486111111111;1170,6;22,30179913;23,55442552;243,7078381;82,5042605;77,9874527;-0,295222598972288;0,301799129999999;22;"Wallis, I. R., & Green, B. (1992). Seasonal Field Energetics of the Rufous Rat-Kangaroo (Aepyprymnus-Rufescens). Australian Journal of Zoology, 40(3), 279-290. https://doi.org/10.1071/zo9920279"
"427";427;427;7749;"Mammal";"Mammalia";"Diprotodontia";"Potoroidae";"Aepyprymnus";"Aepyprymnus_rufescens";2940;-28,8833333333333;152,383333333333;NA;"January - March 1987";"1987-01-01";"1987-03-31";1;1;1;0;0;0;0;0;0;0;0;0;1987;NA;NA;NA;17,875462962963;1544,44;22,30179913;23,55442552;243,7078381;82,5042605;77,9874527;-0,0180776517488269;0,301799129999999;22;"Wallis, I. R., & Green, B. (1992). Seasonal Field Energetics of the Rufous Rat-Kangaroo (Aepyprymnus-Rufescens). Australian Journal of Zoology, 40(3), 279-290. https://doi.org/10.1071/zo9920279"
"428";428;428;7750;"Mammal";"Mammalia";"Diprotodontia";"Potoroidae";"Aepyprymnus";"Aepyprymnus_rufescens";3100;-28,8833333333333;152,383333333333;NA;"January - March 1987";"1987-01-01";"1987-03-31";1;1;1;0;0;0;0;0;0;0;0;0;1987;NA;NA;NA;17,1145833333333;1478,7;22,30179913;23,55442552;243,7078381;82,5042605;77,9874527;-0,0996181771279138;0,301799129999999;22;"Wallis, I. R., & Green, B. (1992). Seasonal Field Energetics of the Rufous Rat-Kangaroo (Aepyprymnus-Rufescens). Australian Journal of Zoology, 40(3), 279-290. https://doi.org/10.1071/zo9920279"
"429";429;429;7751;"Mammal";"Mammalia";"Diprotodontia";"Potoroidae";"Aepyprymnus";"Aepyprymnus_rufescens";3115;-28,8833333333333;152,383333333333;NA;"January - March 1987";"1987-01-01";"1987-03-31";1;1;1;0;0;0;0;0;0;0;0;0;1987;NA;NA;NA;16,0665509259259;1388,15;22,30179913;23,55442552;243,7078381;82,5042605;77,9874527;-0,166274828083175;0,301799129999999;22;"Wallis, I. R., & Green, B. (1992). Seasonal Field Energetics of the Rufous Rat-Kangaroo (Aepyprymnus-Rufescens). Australian Journal of Zoology, 40(3), 279-290. https://doi.org/10.1071/zo9920279"
"430";430;430;8206;"Mammal";"Mammalia";"Carnivora";"Hyaenidae";"Proteles";"Proteles_cristata";7275;-28,8333333333333;24,8333333333333;NA;"December 1988 - January 1991";"1988-12-01";"1991-01-31";1;0;0;0;0;0;0;0;0;0;0;1;1988;1991;NA;NA;21,9253472222222;1894,35;23,40446135;24,87887765;330,4276937;49,14432763;46,82522691;-0,464290301847654;-1,19553865;24,6;"Williams, J. B., Anderson, M. D., & Richardson, P. R. K. (1997). Seasonal differences in field metabolism, water requirements, and foraging behavior of free-living aardwolves. Ecology, 78(8), 2588-2603."
"431";431;431;8207;"Mammal";"Mammalia";"Carnivora";"Hyaenidae";"Proteles";"Proteles_cristata";7678,333333;-28,8333333333333;24,8333333333333;NA;"December 1988 - January 1991";"1988-12-01";"1991-01-31";1;0;0;0;0;0;0;0;0;0;0;1;1988;1991;NA;NA;35,5185185185185;3068,8;23,40446135;24,87887765;330,4276937;49,14432763;46,82522691;-0,0206155265819486;-1,19553865;24,6;"Williams, J. B., Anderson, M. D., & Richardson, P. R. K. (1997). Seasonal differences in field metabolism, water requirements, and foraging behavior of free-living aardwolves. Ecology, 78(8), 2588-2603."
"432";432;432;8208;"Mammal";"Mammalia";"Carnivora";"Hyaenidae";"Proteles";"Proteles_cristata";7817,5;-28,8333333333333;24,8333333333333;NA;"December 1988 - January 1991";"1988-12-01";"1991-01-31";1;0;0;0;0;0;0;0;0;0;0;1;1988;1991;NA;NA;26,4780092592593;2287,7;23,40446135;24,87887765;330,4276937;49,14432763;46,82522691;-0,327250025750901;-1,19553865;24,6;"Williams, J. B., Anderson, M. D., & Richardson, P. R. K. (1997). Seasonal differences in field metabolism, water requirements, and foraging behavior of free-living aardwolves. Ecology, 78(8), 2588-2603."
"433";433;433;8209;"Mammal";"Mammalia";"Carnivora";"Hyaenidae";"Proteles";"Proteles_cristata";8045;-28,8333333333333;24,8333333333333;NA;"December 1988 - January 1991";"1988-12-01";"1991-01-31";1;0;0;0;0;0;0;0;0;0;0;1;1988;1991;NA;NA;17,9483024652778;1550,733333;23,40446135;24,87887765;330,4276937;49,14432763;46,82522691;-0,736662219653183;-1,19553865;24,6;"Williams, J. B., Anderson, M. D., & Richardson, P. R. K. (1997). Seasonal differences in field metabolism, water requirements, and foraging behavior of free-living aardwolves. Ecology, 78(8), 2588-2603."
"434";434;434;8210;"Mammal";"Mammalia";"Carnivora";"Hyaenidae";"Proteles";"Proteles_cristata";8155,4;-28,8333333333333;24,8333333333333;NA;"December 1988 - January 1991";"1988-12-01";"1991-01-31";1;0;0;0;0;0;0;0;0;0;0;1;1988;1991;NA;NA;27,2956018518519;2358,34;23,40446135;24,87887765;330,4276937;49,14432763;46,82522691;-0,327216571321306;-1,19553865;24,6;"Williams, J. B., Anderson, M. D., & Richardson, P. R. K. (1997). Seasonal differences in field metabolism, water requirements, and foraging behavior of free-living aardwolves. Ecology, 78(8), 2588-2603."
"435";435;435;8211;"Mammal";"Mammalia";"Carnivora";"Hyaenidae";"Proteles";"Proteles_cristata";9453,714286;-28,8333333333333;24,8333333333333;NA;"December 1988 - January 1991";"1988-12-01";"1991-01-31";1;0;0;0;0;0;0;0;0;0;0;1;1988;1991;NA;NA;30,1615410069444;2605,957143;23,40446135;24,87887765;330,4276937;49,14432763;46,82522691;-0,3334256033779;-1,19553865;24,6;"Williams, J. B., Anderson, M. D., & Richardson, P. R. K. (1997). Seasonal differences in field metabolism, water requirements, and foraging behavior of free-living aardwolves. Ecology, 78(8), 2588-2603."
"436";436;436;8083;"Mammal";"Mammalia";"Artiodactyla";"Bovidae";"Oryx";"Oryx_leucoryx";59900;28,25;41,6666666666667;NA;"36647";"2000-05-01";"2000-05-01";0;0;0;0;1;0;0;0;0;0;0;0;2000;NA;NA;NA;185,694444444444;16044;23,56569371;26,34235236;289,5459083;16,73482797;15,92100933;0,158703383960198;-3,63430629;27,2;"Williams, J. B., Ostrowski, S., Bedin, E., & Ismail, K. (2001). Seasonal variation in energy expenditure, water flux and food consumption of Arabian oryx Oryx leucoryx. Journal of Experimental Biology, 204(13), 2301-2311. https://doi.org/10.1242/jeb.204.13.2301"
"437";437;437;8084;"Mammal";"Mammalia";"Artiodactyla";"Bovidae";"Oryx";"Oryx_leucoryx";67500;28,25;41,6666666666667;NA;"36647";"2000-05-01";"2000-05-01";0;0;0;0;1;0;0;0;0;0;0;0;2000;NA;NA;NA;96,0069444444444;8295;23,56569371;26,34235236;289,5459083;16,73482797;15,92100933;-0,586730610355572;-3,63430629;27,2;"Williams, J. B., Ostrowski, S., Bedin, E., & Ismail, K. (2001). Seasonal variation in energy expenditure, water flux and food consumption of Arabian oryx Oryx leucoryx. Journal of Experimental Biology, 204(13), 2301-2311. https://doi.org/10.1242/jeb.204.13.2301"
"438";438;438;8085;"Mammal";"Mammalia";"Artiodactyla";"Bovidae";"Oryx";"Oryx_leucoryx";73100;28,25;41,6666666666667;NA;"36647";"2000-05-01";"2000-05-01";0;0;0;0;1;0;0;0;0;0;0;0;2000;NA;NA;NA;191,284722222222;16527;23,56569371;26,34235236;289,5459083;16,73482797;15,92100933;0,0453960052435189;-3,63430629;27,2;"Williams, J. B., Ostrowski, S., Bedin, E., & Ismail, K. (2001). Seasonal variation in energy expenditure, water flux and food consumption of Arabian oryx Oryx leucoryx. Journal of Experimental Biology, 204(13), 2301-2311. https://doi.org/10.1242/jeb.204.13.2301"
"439";439;439;8086;"Mammal";"Mammalia";"Artiodactyla";"Bovidae";"Oryx";"Oryx_leucoryx";81500;28,25;41,6666666666667;NA;"36647";"2000-05-01";"2000-05-01";0;0;0;0;1;0;0;0;0;0;0;0;2000;NA;NA;NA;119,097222222222;10290;23,56569371;26,34235236;289,5459083;16,73482797;15,92100933;-0,506514382397427;-3,63430629;27,2;"Williams, J. B., Ostrowski, S., Bedin, E., & Ismail, K. (2001). Seasonal variation in energy expenditure, water flux and food consumption of Arabian oryx Oryx leucoryx. Journal of Experimental Biology, 204(13), 2301-2311. https://doi.org/10.1242/jeb.204.13.2301"
"440";440;440;8087;"Mammal";"Mammalia";"Artiodactyla";"Bovidae";"Oryx";"Oryx_leucoryx";82200;28,25;41,6666666666667;NA;"36647";"2000-05-01";"2000-05-01";0;0;0;0;1;0;0;0;0;0;0;0;2000;NA;NA;NA;302,847222222222;26166;23,56569371;26,34235236;289,5459083;16,73482797;15,92100933;0,420634383735118;-3,63430629;27,2;"Williams, J. B., Ostrowski, S., Bedin, E., & Ismail, K. (2001). Seasonal variation in energy expenditure, water flux and food consumption of Arabian oryx Oryx leucoryx. Journal of Experimental Biology, 204(13), 2301-2311. https://doi.org/10.1242/jeb.204.13.2301"
"441";441;441;8088;"Mammal";"Mammalia";"Artiodactyla";"Bovidae";"Oryx";"Oryx_leucoryx";83200;28,25;41,6666666666667;NA;"36647";"2000-05-01";"2000-05-01";0;0;0;0;1;0;0;0;0;0;0;0;2000;NA;NA;NA;108,888888888889;9408;23,56569371;26,34235236;289,5459083;16,73482797;15,92100933;-0,610946763485414;-3,63430629;27,2;"Williams, J. B., Ostrowski, S., Bedin, E., & Ismail, K. (2001). Seasonal variation in energy expenditure, water flux and food consumption of Arabian oryx Oryx leucoryx. Journal of Experimental Biology, 204(13), 2301-2311. https://doi.org/10.1242/jeb.204.13.2301"
"442";442;442;8089;"Mammal";"Mammalia";"Artiodactyla";"Bovidae";"Oryx";"Oryx_leucoryx";87400;28,25;41,6666666666667;NA;"36647";"2000-05-01";"2000-05-01";0;0;0;0;1;0;0;0;0;0;0;0;2000;NA;NA;NA;106,701388888889;9219;23,56569371;26,34235236;289,5459083;16,73482797;15,92100933;-0,666594863271569;-3,63430629;27,2;"Williams, J. B., Ostrowski, S., Bedin, E., & Ismail, K. (2001). Seasonal variation in energy expenditure, water flux and food consumption of Arabian oryx Oryx leucoryx. Journal of Experimental Biology, 204(13), 2301-2311. https://doi.org/10.1242/jeb.204.13.2301"
"443";443;443;8090;"Mammal";"Mammalia";"Artiodactyla";"Bovidae";"Oryx";"Oryx_leucoryx";90000;28,25;41,6666666666667;NA;"36647";"2000-05-01";"2000-05-01";0;0;0;0;1;0;0;0;0;0;0;0;2000;NA;NA;NA;270,034722222222;23331;23,56569371;26,34235236;289,5459083;16,73482797;15,92100933;0,240877197704;-3,63430629;27,2;"Williams, J. B., Ostrowski, S., Bedin, E., & Ismail, K. (2001). Seasonal variation in energy expenditure, water flux and food consumption of Arabian oryx Oryx leucoryx. Journal of Experimental Biology, 204(13), 2301-2311. https://doi.org/10.1242/jeb.204.13.2301"
"444";444;444;8091;"Mammal";"Mammalia";"Artiodactyla";"Bovidae";"Oryx";"Oryx_leucoryx";91500;28,25;41,6666666666667;NA;"36647";"2000-05-01";"2000-05-01";0;0;0;0;1;0;0;0;0;0;0;0;2000;NA;NA;NA;266,388888888889;23016;23,56569371;26,34235236;289,5459083;16,73482797;15,92100933;0,215417762227045;-3,63430629;27,2;"Williams, J. B., Ostrowski, S., Bedin, E., & Ismail, K. (2001). Seasonal variation in energy expenditure, water flux and food consumption of Arabian oryx Oryx leucoryx. Journal of Experimental Biology, 204(13), 2301-2311. https://doi.org/10.1242/jeb.204.13.2301"
"445";445;445;8092;"Mammal";"Mammalia";"Artiodactyla";"Bovidae";"Oryx";"Oryx_leucoryx";103400;28,25;41,6666666666667;NA;"36647";"2000-05-01";"2000-05-01";0;0;0;0;1;0;0;0;0;0;0;0;2000;NA;NA;NA;214,375;18522;23,56569371;26,34235236;289,5459083;16,73482797;15,92100933;-0,089585387496094;-3,63430629;27,2;"Williams, J. B., Ostrowski, S., Bedin, E., & Ismail, K. (2001). Seasonal variation in energy expenditure, water flux and food consumption of Arabian oryx Oryx leucoryx. Journal of Experimental Biology, 204(13), 2301-2311. https://doi.org/10.1242/jeb.204.13.2301"
"446";446;446;8093;"Mammal";"Mammalia";"Artiodactyla";"Bovidae";"Oryx";"Oryx_leucoryx";105400;28,25;41,6666666666667;NA;"36647";"2000-05-01";"2000-05-01";0;0;0;0;1;0;0;0;0;0;0;0;2000;NA;NA;NA;227,013888888889;19614;23,56569371;26,34235236;289,5459083;16,73482797;15,92100933;-0,046053983601733;-3,63430629;27,2;"Williams, J. B., Ostrowski, S., Bedin, E., & Ismail, K. (2001). Seasonal variation in energy expenditure, water flux and food consumption of Arabian oryx Oryx leucoryx. Journal of Experimental Biology, 204(13), 2301-2311. https://doi.org/10.1242/jeb.204.13.2301"
"447";447;447;8339;"Mammal";"Mammalia";"Carnivora";"Canidae";"Vulpes";"Vulpes_rueppellii";1465;22,25;41,8333333333333;NA;"October - December 1998";"1998-10-01";"1998-12-31";0;0;0;0;0;0;0;0;0;1;1;0;1998;NA;NA;NA;10,2858796296296;888,7;22,422485;23,4679976;201,502867;32,97853327;32,31104508;-0,0706897195835256;-1,227515;23,65;"Williams, J. B., Lenain, D., Ostrowski, S., Tieleman, B. I., & Seddon, P. J. (2002). Energy Expenditure and Water Flux of Rüppell’s Foxes in Saudi Arabia. Physiological and Biochemical Zoology, 75(5), 479-488. https://doi.org/10.1086/344490"
"448";448;448;8340;"Mammal";"Mammalia";"Carnivora";"Canidae";"Vulpes";"Vulpes_rueppellii";1638;22,25;41,8333333333333;NA;"October - December 1998";"1998-10-01";"1998-12-31";0;0;0;0;0;0;0;0;0;1;1;0;1998;NA;NA;NA;8,15277777777778;704,4;22,422485;23,4679976;201,502867;32,97853327;32,31104508;-0,383233754740516;-1,227515;23,65;"Williams, J. B., Lenain, D., Ostrowski, S., Tieleman, B. I., & Seddon, P. J. (2002). Energy Expenditure and Water Flux of Rüppell’s Foxes in Saudi Arabia. Physiological and Biochemical Zoology, 75(5), 479-488. https://doi.org/10.1086/344490"
"449";449;449;8341;"Mammal";"Mammalia";"Carnivora";"Canidae";"Vulpes";"Vulpes_rueppellii";1645;22,25;41,8333333333333;NA;"October - December 1998";"1998-10-01";"1998-12-31";0;0;0;0;0;0;0;0;0;1;1;0;1998;NA;NA;NA;6,65972222222222;575,4;22,422485;23,4679976;201,502867;32,97853327;32,31104508;-0,588576021824998;-1,227515;23,65;"Williams, J. B., Lenain, D., Ostrowski, S., Tieleman, B. I., & Seddon, P. J. (2002). Energy Expenditure and Water Flux of Rüppell’s Foxes in Saudi Arabia. Physiological and Biochemical Zoology, 75(5), 479-488. https://doi.org/10.1086/344490"
"450";450;450;8342;"Mammal";"Mammalia";"Carnivora";"Canidae";"Vulpes";"Vulpes_rueppellii";1700;22,25;41,8333333333333;NA;"October - December 1998";"1998-10-01";"1998-12-31";0;0;0;0;0;0;0;0;0;1;1;0;1998;NA;NA;NA;13,0393518518519;1126,6;22,422485;23,4679976;201,502867;32,97853327;32,31104508;0,0597083961462253;-1,227515;23,65;"Williams, J. B., Lenain, D., Ostrowski, S., Tieleman, B. I., & Seddon, P. J. (2002). Energy Expenditure and Water Flux of Rüppell’s Foxes in Saudi Arabia. Physiological and Biochemical Zoology, 75(5), 479-488. https://doi.org/10.1086/344490"
"451";451;451;8343;"Mammal";"Mammalia";"Carnivora";"Canidae";"Vulpes";"Vulpes_rueppellii";1975;22,25;41,8333333333333;NA;"October - December 1998";"1998-10-01";"1998-12-31";0;0;0;0;0;0;0;0;0;1;1;0;1998;NA;NA;NA;16,6655092592593;1439,9;22,422485;23,4679976;201,502867;32,97853327;32,31104508;0,197438255785372;-1,227515;23,65;"Williams, J. B., Lenain, D., Ostrowski, S., Tieleman, B. I., & Seddon, P. J. (2002). Energy Expenditure and Water Flux of Rüppell’s Foxes in Saudi Arabia. Physiological and Biochemical Zoology, 75(5), 479-488. https://doi.org/10.1086/344490"
"452";452;452;8344;"Mammal";"Mammalia";"Carnivora";"Canidae";"Vulpes";"Vulpes_rueppellii";2079;22,25;41,8333333333333;NA;"October - December 1998";"1998-10-01";"1998-12-31";0;0;0;0;0;0;0;0;0;1;1;0;1998;NA;NA;NA;15,6585648148148;1352,9;22,422485;23,4679976;201,502867;32,97853327;32,31104508;0,0982742412974652;-1,227515;23,65;"Williams, J. B., Lenain, D., Ostrowski, S., Tieleman, B. I., & Seddon, P. J. (2002). Energy Expenditure and Water Flux of Rüppell’s Foxes in Saudi Arabia. Physiological and Biochemical Zoology, 75(5), 479-488. https://doi.org/10.1086/344490"
"453";453;453;8345;"Mammal";"Mammalia";"Carnivora";"Canidae";"Vulpes";"Vulpes_vulpes";4120;-33;148,866666666667;NA;"November 1995";"1995-11-01";"1995-11-30";0;0;0;0;0;0;0;0;0;0;1;0;1995;NA;NA;NA;27,7314814814815;2396;17,74150346;18,49172756;232,16958;68,01575574;65,70261423;0,178816459453286;1,24150346;16,5;"Winstanley, R. K., Buttemer, W. A., & Saunders, G. (2003). Field metabolic rate and body water turnover of the red fox Vulpes vulpes in Australia. Mammal Review, 33(3-4), 295-301. https://doi.org/10.1046/j.1365-2907.2003.00015.x"
"454";454;454;8346;"Mammal";"Mammalia";"Carnivora";"Canidae";"Vulpes";"Vulpes_vulpes";4380;-33;148,866666666667;NA;"November 1995";"1995-11-01";"1995-11-30";0;0;0;0;0;0;0;0;0;0;1;0;1995;NA;NA;NA;27,6388888888889;2388;17,74150346;18,49172756;232,16958;68,01575574;65,70261423;0,131540690425926;1,24150346;16,5;"Winstanley, R. K., Buttemer, W. A., & Saunders, G. (2003). Field metabolic rate and body water turnover of the red fox Vulpes vulpes in Australia. Mammal Review, 33(3-4), 295-301. https://doi.org/10.1046/j.1365-2907.2003.00015.x"
